model_name,strategy_args,model_params,accuracy,f_score,precision,recall,adjust_accuracy,adjust_f_score,adjust_precision,adjust_recall,rrecall,rprecision,precision_at_k,rf,affiliation_f,affiliation_precision,affiliation_recall,auc_roc,auc_pr,R_AUC_ROC,R_AUC_PR,VUS_ROC,VUS_PR,file_name,typical_anomaly_ratio,actual_data,inference_data,log_info
MindTS,"{""seed"": 2021, ""strategy_name"": ""unfixed_detect_label""}","{""align_loss_type"": ""contrastive"", ""batch_size"": 16, ""d_ff"": 512, ""d_model"": 256, ""dataset_description"": ""EWJ is a financial stock series. Numerical data come from Yahoo Finance; related financial news comes from NASDAQ, Bloomberg, and other financial news websites."", ""e_layers"": 1, ""enc_in_time"": 1, ""frequency_keep_modes"": 4, ""horizon"": 0, ""mask_ratio"": 0.3, ""norm"": true, ""num_epochs"": 5, ""parallel_strategy"": null, ""patch_size"": 6, ""r"": 0.5, ""recon_logvar_max"": 2.0, ""recon_logvar_min"": -6.0, ""recon_loss_type"": ""mse"", ""seq_len"": 48, ""stl_period"": 5, ""stride"": 6, ""time_freq_align_weight"": 0.2, ""use_frequency_branch"": false, ""use_information_condenser"": false}",0.9041353383458647,0.10526315789473685,0.75,0.05660377358490566,0.9078947368421053,0.16949152542372883,0.8333333333333334,0.09433962264150944,0.05,0.8333333333333334,0.05660377358490566,0.09433962264150944,0.12482371614558015,0.9761904761904763,0.06667464114832536,0.8774569661637847,0.5167465318489505,0.8148546858270338,0.4065100649440361,0.8122925358724409,0.41107338063367665,EWJ.csv,1,,,
MindTS,"{""seed"": 2021, ""strategy_name"": ""unfixed_detect_label""}","{""align_loss_type"": ""contrastive"", ""batch_size"": 16, ""d_ff"": 512, ""d_model"": 256, ""dataset_description"": ""EWJ is a financial stock series. Numerical data come from Yahoo Finance; related financial news comes from NASDAQ, Bloomberg, and other financial news websites."", ""e_layers"": 1, ""enc_in_time"": 1, ""frequency_keep_modes"": 4, ""horizon"": 0, ""mask_ratio"": 0.3, ""norm"": true, ""num_epochs"": 5, ""parallel_strategy"": null, ""patch_size"": 6, ""r"": 0.5, ""recon_logvar_max"": 2.0, ""recon_logvar_min"": -6.0, ""recon_loss_type"": ""mse"", ""seq_len"": 48, ""stl_period"": 5, ""stride"": 6, ""time_freq_align_weight"": 0.2, ""use_frequency_branch"": false, ""use_information_condenser"": false}",0.9078947368421053,0.24615384615384617,0.6666666666666666,0.1509433962264151,0.9116541353383458,0.2985074626865672,0.7142857142857143,0.18867924528301888,0.16363636363636366,0.7,0.1509433962264151,0.26526315789473687,0.307802209897548,0.8508289241622574,0.18788676236044655,0.8774569661637847,0.5167465318489505,0.8148546858270338,0.4065100649440361,0.8122925358724409,0.41107338063367665,EWJ.csv,2,,,
MindTS,"{""seed"": 2021, ""strategy_name"": ""unfixed_detect_label""}","{""align_loss_type"": ""contrastive"", ""batch_size"": 16, ""d_ff"": 512, ""d_model"": 256, ""dataset_description"": ""EWJ is a financial stock series. Numerical data come from Yahoo Finance; related financial news comes from NASDAQ, Bloomberg, and other financial news websites."", ""e_layers"": 1, ""enc_in_time"": 1, ""frequency_keep_modes"": 4, ""horizon"": 0, ""mask_ratio"": 0.3, ""norm"": true, ""num_epochs"": 5, ""parallel_strategy"": null, ""patch_size"": 6, ""r"": 0.5, ""recon_logvar_max"": 2.0, ""recon_logvar_min"": -6.0, ""recon_loss_type"": ""mse"", ""seq_len"": 48, ""stl_period"": 5, ""stride"": 6, ""time_freq_align_weight"": 0.2, ""use_frequency_branch"": false, ""use_information_condenser"": false}",0.9172932330827067,0.3888888888888889,0.7368421052631579,0.2641509433962264,0.9191729323308271,0.4109589041095891,0.75,0.2830188679245283,0.26363636363636367,0.7333333333333333,0.2641509433962264,0.3878419452887539,0.4256538315617353,0.8451247165532879,0.28446293290043284,0.8774569661637847,0.5167465318489505,0.8148546858270338,0.4065100649440361,0.8122925358724409,0.41107338063367665,EWJ.csv,3,,,
MindTS,"{""seed"": 2021, ""strategy_name"": ""unfixed_detect_label""}","{""align_loss_type"": ""contrastive"", ""batch_size"": 16, ""d_ff"": 512, ""d_model"": 256, ""dataset_description"": ""EWJ is a financial stock series. Numerical data come from Yahoo Finance; related financial news comes from NASDAQ, Bloomberg, and other financial news websites."", ""e_layers"": 1, ""enc_in_time"": 1, ""frequency_keep_modes"": 4, ""horizon"": 0, ""mask_ratio"": 0.3, ""norm"": true, ""num_epochs"": 5, ""parallel_strategy"": null, ""patch_size"": 6, ""r"": 0.5, ""recon_logvar_max"": 2.0, ""recon_logvar_min"": -6.0, ""recon_loss_type"": ""mse"", ""seq_len"": 48, ""stl_period"": 5, ""stride"": 6, ""time_freq_align_weight"": 0.2, ""use_frequency_branch"": false, ""use_information_condenser"": false}",0.9154135338345865,0.45783132530120485,0.6333333333333333,0.3584905660377358,0.9172932330827067,0.4761904761904762,0.6451612903225806,0.37735849056603776,0.3772727272727273,0.6458333333333334,0.3584905660377358,0.47630507219548324,0.5594492392684712,0.8188562959566555,0.4248577406618415,0.8774569661637847,0.5167465318489505,0.8148546858270338,0.4065100649440361,0.8122925358724409,0.41107338063367665,EWJ.csv,4,,,
MindTS,"{""seed"": 2021, ""strategy_name"": ""unfixed_detect_label""}","{""align_loss_type"": ""contrastive"", ""batch_size"": 16, ""d_ff"": 512, ""d_model"": 256, ""dataset_description"": ""EWJ is a financial stock series. Numerical data come from Yahoo Finance; related financial news comes from NASDAQ, Bloomberg, and other financial news websites."", ""e_layers"": 1, ""enc_in_time"": 1, ""frequency_keep_modes"": 4, ""horizon"": 0, ""mask_ratio"": 0.3, ""norm"": true, ""num_epochs"": 5, ""parallel_strategy"": null, ""patch_size"": 6, ""r"": 0.5, ""recon_logvar_max"": 2.0, ""recon_logvar_min"": -6.0, ""recon_loss_type"": ""mse"", ""seq_len"": 48, ""stl_period"": 5, ""stride"": 6, ""time_freq_align_weight"": 0.2, ""use_frequency_branch"": false, ""use_information_condenser"": false}",0.9172932330827067,0.5111111111111112,0.6216216216216216,0.4339622641509434,0.9191729323308271,0.5274725274725274,0.631578947368421,0.4528301886792453,0.4681818181818182,0.6444444444444444,0.4339622641509434,0.5423513390830685,0.6535097203044946,0.8342271381503032,0.5371481038074678,0.8774569661637847,0.5167465318489505,0.8148546858270338,0.4065100649440361,0.8122925358724409,0.41107338063367665,EWJ.csv,5,,,
MindTS,"{""seed"": 2021, ""strategy_name"": ""unfixed_detect_label""}","{""align_loss_type"": ""contrastive"", ""batch_size"": 16, ""d_ff"": 512, ""d_model"": 256, ""dataset_description"": ""EWJ is a financial stock series. Numerical data come from Yahoo Finance; related financial news comes from NASDAQ, Bloomberg, and other financial news websites."", ""e_layers"": 1, ""enc_in_time"": 1, ""frequency_keep_modes"": 4, ""horizon"": 0, ""mask_ratio"": 0.3, ""norm"": true, ""num_epochs"": 5, ""parallel_strategy"": null, ""patch_size"": 6, ""r"": 0.5, ""recon_logvar_max"": 2.0, ""recon_logvar_min"": -6.0, ""recon_loss_type"": ""mse"", ""seq_len"": 48, ""stl_period"": 5, ""stride"": 6, ""time_freq_align_weight"": 0.2, ""use_frequency_branch"": false, ""use_information_condenser"": false}",0.9116541353383458,0.5252525252525252,0.5652173913043478,0.49056603773584906,0.9135338345864662,0.54,0.574468085106383,0.5094339622641509,0.5363636363636364,0.5898148148148148,0.49056603773584906,0.5618207638836983,0.6827800511112159,0.8044016628688163,0.5931054040829499,0.8774569661637847,0.5167465318489505,0.8148546858270338,0.4065100649440361,0.8122925358724409,0.41107338063367665,EWJ.csv,6,,,
MindTS,"{""seed"": 2021, ""strategy_name"": ""unfixed_detect_label""}","{""align_loss_type"": ""contrastive"", ""batch_size"": 16, ""d_ff"": 512, ""d_model"": 256, ""dataset_description"": ""EWJ is a financial stock series. Numerical data come from Yahoo Finance; related financial news comes from NASDAQ, Bloomberg, and other financial news websites."", ""e_layers"": 1, ""enc_in_time"": 1, ""frequency_keep_modes"": 4, ""horizon"": 0, ""mask_ratio"": 0.3, ""norm"": true, ""num_epochs"": 5, ""parallel_strategy"": null, ""patch_size"": 6, ""r"": 0.5, ""recon_logvar_max"": 2.0, ""recon_logvar_min"": -6.0, ""recon_loss_type"": ""mse"", ""seq_len"": 48, ""stl_period"": 5, ""stride"": 6, ""time_freq_align_weight"": 0.2, ""use_frequency_branch"": false, ""use_information_condenser"": false}",0.9060150375939849,0.5192307692307693,0.5294117647058824,0.5094339622641509,0.9078947368421053,0.5333333333333333,0.5384615384615384,0.5283018867924528,0.5590909090909091,0.5433333333333333,0.5094339622641509,0.5510995052226497,0.7069578476869693,0.8072996903282361,0.6288020443991554,0.8774569661637847,0.5167465318489505,0.8148546858270338,0.4065100649440361,0.8122925358724409,0.41107338063367665,EWJ.csv,7,,,
MindTS,"{""seed"": 2021, ""strategy_name"": ""unfixed_detect_label""}","{""align_loss_type"": ""contrastive"", ""batch_size"": 16, ""d_ff"": 512, ""d_model"": 256, ""dataset_description"": ""EWJ is a financial stock series. Numerical data come from Yahoo Finance; related financial news comes from NASDAQ, Bloomberg, and other financial news websites."", ""e_layers"": 1, ""enc_in_time"": 1, ""frequency_keep_modes"": 4, ""horizon"": 0, ""mask_ratio"": 0.3, ""norm"": true, ""num_epochs"": 5, ""parallel_strategy"": null, ""patch_size"": 6, ""r"": 0.5, ""recon_logvar_max"": 2.0, ""recon_logvar_min"": -6.0, ""recon_loss_type"": ""mse"", ""seq_len"": 48, ""stl_period"": 5, ""stride"": 6, ""time_freq_align_weight"": 0.2, ""use_frequency_branch"": false, ""use_information_condenser"": false}",0.8928571428571429,0.49557522123893805,0.4666666666666667,0.5283018867924528,0.8947368421052632,0.5087719298245614,0.47540983606557374,0.5471698113207547,0.5818181818181819,0.48333333333333334,0.0,0.528022759601707,0.7184420463828894,0.7585809863171711,0.682337397934509,0.8774569661637847,0.5167465318489505,0.8148546858270338,0.4065100649440361,0.8122925358724409,0.41107338063367665,EWJ.csv,8,,,
MindTS,"{""seed"": 2021, ""strategy_name"": ""unfixed_detect_label""}","{""align_loss_type"": ""contrastive"", ""batch_size"": 16, ""d_ff"": 512, ""d_model"": 256, ""dataset_description"": ""EWJ is a financial stock series. Numerical data come from Yahoo Finance; related financial news comes from NASDAQ, Bloomberg, and other financial news websites."", ""e_layers"": 1, ""enc_in_time"": 1, ""frequency_keep_modes"": 4, ""horizon"": 0, ""mask_ratio"": 0.3, ""norm"": true, ""num_epochs"": 5, ""parallel_strategy"": null, ""patch_size"": 6, ""r"": 0.5, ""recon_logvar_max"": 2.0, ""recon_logvar_min"": -6.0, ""recon_loss_type"": ""mse"", ""seq_len"": 48, ""stl_period"": 5, ""stride"": 6, ""time_freq_align_weight"": 0.2, ""use_frequency_branch"": false, ""use_information_condenser"": false}",0.8796992481203008,0.47540983606557374,0.42028985507246375,0.5471698113207547,0.881578947368421,0.4878048780487805,0.42857142857142855,0.5660377358490566,0.6045454545454546,0.4346666666666667,0.0,0.5057211173966292,0.7056017787681136,0.728396832913451,0.6841901647329279,0.8774569661637847,0.5167465318489505,0.8148546858270338,0.4065100649440361,0.8122925358724409,0.41107338063367665,EWJ.csv,10,,,
MindTS,"{""seed"": 2021, ""strategy_name"": ""unfixed_detect_label""}","{""align_loss_type"": ""contrastive"", ""batch_size"": 16, ""d_ff"": 512, ""d_model"": 256, ""dataset_description"": ""EWJ is a financial stock series. Numerical data come from Yahoo Finance; related financial news comes from NASDAQ, Bloomberg, and other financial news websites."", ""e_layers"": 1, ""enc_in_time"": 1, ""frequency_keep_modes"": 4, ""horizon"": 0, ""mask_ratio"": 0.3, ""norm"": true, ""num_epochs"": 5, ""parallel_strategy"": null, ""patch_size"": 6, ""r"": 0.5, ""recon_logvar_max"": 2.0, ""recon_logvar_min"": -6.0, ""recon_loss_type"": ""mse"", ""seq_len"": 48, ""stl_period"": 5, ""stride"": 6, ""time_freq_align_weight"": 0.2, ""use_frequency_branch"": false, ""use_information_condenser"": false}",0.8740601503759399,0.46399999999999997,0.4027777777777778,0.5471698113207547,0.8759398496240601,0.47619047619047616,0.410958904109589,0.5660377358490566,0.6045454545454546,0.41133333333333333,0.0,0.4895656842858848,0.6969436352475807,0.7101815922717398,0.6841901647329279,0.8774569661637847,0.5167465318489505,0.8148546858270338,0.4065100649440361,0.8122925358724409,0.41107338063367665,EWJ.csv,11,,,
MindTS,"{""seed"": 2021, ""strategy_name"": ""unfixed_detect_label""}","{""align_loss_type"": ""contrastive"", ""batch_size"": 16, ""d_ff"": 512, ""d_model"": 256, ""dataset_description"": ""EWJ is a financial stock series. Numerical data come from Yahoo Finance; related financial news comes from NASDAQ, Bloomberg, and other financial news websites."", ""e_layers"": 1, ""enc_in_time"": 1, ""frequency_keep_modes"": 4, ""horizon"": 0, ""mask_ratio"": 0.3, ""norm"": true, ""num_epochs"": 5, ""parallel_strategy"": null, ""patch_size"": 6, ""r"": 0.5, ""recon_logvar_max"": 2.0, ""recon_logvar_min"": -6.0, ""recon_loss_type"": ""mse"", ""seq_len"": 48, ""stl_period"": 5, ""stride"": 6, ""time_freq_align_weight"": 0.2, ""use_frequency_branch"": false, ""use_information_condenser"": false}",0.8721804511278195,0.4769230769230769,0.4025974025974026,0.5849056603773585,0.8759398496240601,0.4999999999999999,0.4177215189873418,0.6226415094339622,0.640909090909091,0.4132075471698113,0.0,0.5024652184525262,0.7115753435232851,0.7135527918282083,0.7096088250200092,0.8774569661637847,0.5167465318489505,0.8148546858270338,0.4065100649440361,0.8122925358724409,0.41107338063367665,EWJ.csv,12,,,
MindTS,"{""seed"": 2021, ""strategy_name"": ""unfixed_detect_label""}","{""align_loss_type"": ""contrastive"", ""batch_size"": 16, ""d_ff"": 512, ""d_model"": 256, ""dataset_description"": ""EWJ is a financial stock series. Numerical data come from Yahoo Finance; related financial news comes from NASDAQ, Bloomberg, and other financial news websites."", ""e_layers"": 1, ""enc_in_time"": 1, ""frequency_keep_modes"": 4, ""horizon"": 0, ""mask_ratio"": 0.3, ""norm"": true, ""num_epochs"": 5, ""parallel_strategy"": null, ""patch_size"": 6, ""r"": 0.5, ""recon_logvar_max"": 2.0, ""recon_logvar_min"": -6.0, ""recon_loss_type"": ""mse"", ""seq_len"": 48, ""stl_period"": 5, ""stride"": 6, ""time_freq_align_weight"": 0.2, ""use_frequency_branch"": false, ""use_information_condenser"": false}",0.868421052631579,0.4852941176470588,0.39759036144578314,0.6226415094339622,0.8721804511278195,0.5072463768115942,0.4117647058823529,0.660377358490566,0.6863636363636364,0.4133928571428572,0.0,0.5160011808989593,0.7472731560789704,0.7331253943085703,0.7619777061388905,0.8774569661637847,0.5167465318489505,0.8148546858270338,0.4065100649440361,0.8122925358724409,0.41107338063367665,EWJ.csv,13,,,
MindTS,"{""seed"": 2021, ""strategy_name"": ""unfixed_detect_label""}","{""align_loss_type"": ""contrastive"", ""batch_size"": 16, ""d_ff"": 512, ""d_model"": 256, ""dataset_description"": ""EWJ is a financial stock series. Numerical data come from Yahoo Finance; related financial news comes from NASDAQ, Bloomberg, and other financial news websites."", ""e_layers"": 1, ""enc_in_time"": 1, ""frequency_keep_modes"": 4, ""horizon"": 0, ""mask_ratio"": 0.3, ""norm"": true, ""num_epochs"": 5, ""parallel_strategy"": null, ""patch_size"": 6, ""r"": 0.5, ""recon_logvar_max"": 2.0, ""recon_logvar_min"": -6.0, ""recon_loss_type"": ""mse"", ""seq_len"": 48, ""stl_period"": 5, ""stride"": 6, ""time_freq_align_weight"": 0.2, ""use_frequency_branch"": false, ""use_information_condenser"": false}",0.8646616541353384,0.4929577464788733,0.39325842696629215,0.660377358490566,0.8665413533834586,0.5034965034965035,0.4,0.6792452830188679,0.7181818181818183,0.4025,0.0,0.5158791320219023,0.7525293248533116,0.731073486993505,0.7752826303813145,0.8774569661637847,0.5167465318489505,0.8148546858270338,0.4065100649440361,0.8122925358724409,0.41107338063367665,EWJ.csv,14,,,
MindTS,"{""seed"": 2021, ""strategy_name"": ""unfixed_detect_label""}","{""align_loss_type"": ""contrastive"", ""batch_size"": 16, ""d_ff"": 512, ""d_model"": 256, ""dataset_description"": ""EWJ is a financial stock series. Numerical data come from Yahoo Finance; related financial news comes from NASDAQ, Bloomberg, and other financial news websites."", ""e_layers"": 1, ""enc_in_time"": 1, ""frequency_keep_modes"": 4, ""horizon"": 0, ""mask_ratio"": 0.3, ""norm"": true, ""num_epochs"": 5, ""parallel_strategy"": null, ""patch_size"": 6, ""r"": 0.5, ""recon_logvar_max"": 2.0, ""recon_logvar_min"": -6.0, ""recon_loss_type"": ""mse"", ""seq_len"": 48, ""stl_period"": 5, ""stride"": 6, ""time_freq_align_weight"": 0.2, ""use_frequency_branch"": false, ""use_information_condenser"": false}",0.8609022556390977,0.5066666666666666,0.3917525773195876,0.7169811320754716,0.8609022556390977,0.5066666666666666,0.3917525773195876,0.7169811320754716,0.7727272727272727,0.38906250000000003,0.0,0.5175449321432938,0.7765000404632543,0.7351685520309714,0.8227557165057167,0.8774569661637847,0.5167465318489505,0.8148546858270338,0.4065100649440361,0.8122925358724409,0.41107338063367665,EWJ.csv,15,,,
MindTS,"{""seed"": 2021, ""strategy_name"": ""unfixed_detect_label""}","{""align_loss_type"": ""contrastive"", ""batch_size"": 16, ""d_ff"": 512, ""d_model"": 256, ""dataset_description"": ""EWJ is a financial stock series. Numerical data come from Yahoo Finance; related financial news comes from NASDAQ, Bloomberg, and other financial news websites."", ""e_layers"": 1, ""enc_in_time"": 1, ""frequency_keep_modes"": 4, ""horizon"": 0, ""mask_ratio"": 0.3, ""norm"": true, ""num_epochs"": 5, ""parallel_strategy"": null, ""patch_size"": 6, ""r"": 0.5, ""recon_logvar_max"": 2.0, ""recon_logvar_min"": -6.0, ""recon_loss_type"": ""mse"", ""seq_len"": 48, ""stl_period"": 5, ""stride"": 6, ""time_freq_align_weight"": 0.2, ""use_frequency_branch"": false, ""use_information_condenser"": false}",0.849624060150376,0.48717948717948717,0.36893203883495146,0.7169811320754716,0.849624060150376,0.48717948717948717,0.36893203883495146,0.7169811320754716,0.7727272727272727,0.3616915422885572,0.0,0.49274380033490156,0.7769330697473799,0.731457888350672,0.8284375346875348,0.8774569661637847,0.5167465318489505,0.8148546858270338,0.4065100649440361,0.8122925358724409,0.41107338063367665,EWJ.csv,16,,,
MindTS,"{""seed"": 2021, ""strategy_name"": ""unfixed_detect_label""}","{""align_loss_type"": ""contrastive"", ""batch_size"": 16, ""d_ff"": 512, ""d_model"": 256, ""dataset_description"": ""EWJ is a financial stock series. Numerical data come from Yahoo Finance; related financial news comes from NASDAQ, Bloomberg, and other financial news websites."", ""e_layers"": 1, ""enc_in_time"": 1, ""frequency_keep_modes"": 4, ""horizon"": 0, ""mask_ratio"": 0.3, ""norm"": true, ""num_epochs"": 5, ""parallel_strategy"": null, ""patch_size"": 6, ""r"": 0.5, ""recon_logvar_max"": 2.0, ""recon_logvar_min"": -6.0, ""recon_loss_type"": ""mse"", ""seq_len"": 48, ""stl_period"": 5, ""stride"": 6, ""time_freq_align_weight"": 0.2, ""use_frequency_branch"": false, ""use_information_condenser"": false}",0.8439849624060151,0.484472049689441,0.3611111111111111,0.7358490566037735,0.8439849624060151,0.484472049689441,0.3611111111111111,0.7358490566037735,0.7954545454545454,0.3604761904761905,0.0,0.49612388585124706,0.7794462648882045,0.7135578332939408,0.8587405649905651,0.8774569661637847,0.5167465318489505,0.8148546858270338,0.4065100649440361,0.8122925358724409,0.41107338063367665,EWJ.csv,17,,,
MindTS,"{""seed"": 2021, ""strategy_name"": ""unfixed_detect_label""}","{""align_loss_type"": ""contrastive"", ""batch_size"": 16, ""d_ff"": 512, ""d_model"": 256, ""dataset_description"": ""EWJ is a financial stock series. Numerical data come from Yahoo Finance; related financial news comes from NASDAQ, Bloomberg, and other financial news websites."", ""e_layers"": 1, ""enc_in_time"": 1, ""frequency_keep_modes"": 4, ""horizon"": 0, ""mask_ratio"": 0.3, ""norm"": true, ""num_epochs"": 5, ""parallel_strategy"": null, ""patch_size"": 6, ""r"": 0.5, ""recon_logvar_max"": 2.0, ""recon_logvar_min"": -6.0, ""recon_loss_type"": ""mse"", ""seq_len"": 48, ""stl_period"": 5, ""stride"": 6, ""time_freq_align_weight"": 0.2, ""use_frequency_branch"": false, ""use_information_condenser"": false}",0.8308270676691729,0.4642857142857143,0.3391304347826087,0.7358490566037735,0.8308270676691729,0.4642857142857143,0.3391304347826087,0.7358490566037735,0.7954545454545454,0.33644444444444443,0.0,0.4728801156543932,0.7739999136468988,0.6900240884506447,0.8812476122069146,0.8774569661637847,0.5167465318489505,0.8148546858270338,0.4065100649440361,0.8122925358724409,0.41107338063367665,EWJ.csv,18,,,
MindTS,"{""seed"": 2021, ""strategy_name"": ""unfixed_detect_label""}","{""align_loss_type"": ""contrastive"", ""batch_size"": 16, ""d_ff"": 512, ""d_model"": 256, ""dataset_description"": ""EWJ is a financial stock series. Numerical data come from Yahoo Finance; related financial news comes from NASDAQ, Bloomberg, and other financial news websites."", ""e_layers"": 1, ""enc_in_time"": 1, ""frequency_keep_modes"": 4, ""horizon"": 0, ""mask_ratio"": 0.3, ""norm"": true, ""num_epochs"": 5, ""parallel_strategy"": null, ""patch_size"": 6, ""r"": 0.5, ""recon_logvar_max"": 2.0, ""recon_logvar_min"": -6.0, ""recon_loss_type"": ""mse"", ""seq_len"": 48, ""stl_period"": 5, ""stride"": 6, ""time_freq_align_weight"": 0.2, ""use_frequency_branch"": false, ""use_information_condenser"": false}",0.8214285714285714,0.4508670520231214,0.325,0.7358490566037735,0.8214285714285714,0.4508670520231214,0.325,0.7358490566037735,0.7954545454545454,0.3235042735042735,0.0,0.45995069786820364,0.7744776854491912,0.684068995586892,0.8924231033824057,0.8774569661637847,0.5167465318489505,0.8148546858270338,0.4065100649440361,0.8122925358724409,0.41107338063367665,EWJ.csv,19,,,
MindTS,"{""seed"": 2021, ""strategy_name"": ""unfixed_detect_label""}","{""align_loss_type"": ""contrastive"", ""batch_size"": 16, ""d_ff"": 512, ""d_model"": 256, ""dataset_description"": ""EWJ is a financial stock series. Numerical data come from Yahoo Finance; related financial news comes from NASDAQ, Bloomberg, and other financial news websites."", ""e_layers"": 1, ""enc_in_time"": 1, ""frequency_keep_modes"": 4, ""horizon"": 0, ""mask_ratio"": 0.3, ""norm"": true, ""num_epochs"": 5, ""parallel_strategy"": null, ""patch_size"": 6, ""r"": 0.5, ""recon_logvar_max"": 2.0, ""recon_logvar_min"": -6.0, ""recon_loss_type"": ""mse"", ""seq_len"": 48, ""stl_period"": 5, ""stride"": 6, ""time_freq_align_weight"": 0.2, ""use_frequency_branch"": false, ""use_information_condenser"": false}",0.8176691729323309,0.45197740112994356,0.3225806451612903,0.7547169811320755,0.8195488721804511,0.46067415730337075,0.328,0.7735849056603774,0.8090909090909091,0.32729166666666665,0.0,0.466055565740571,0.7765507459109272,0.6862170190798228,0.8942729976741606,0.8774569661637847,0.5167465318489505,0.8148546858270338,0.4065100649440361,0.8122925358724409,0.41107338063367665,EWJ.csv,20,,,
MindTS,"{""seed"": 2021, ""strategy_name"": ""unfixed_detect_label""}","{""align_loss_type"": ""contrastive"", ""batch_size"": 16, ""d_ff"": 512, ""d_model"": 256, ""dataset_description"": ""EWJ is a financial stock series. Numerical data come from Yahoo Finance; related financial news comes from NASDAQ, Bloomberg, and other financial news websites."", ""e_layers"": 1, ""enc_in_time"": 1, ""frequency_keep_modes"": 4, ""horizon"": 0, ""mask_ratio"": 0.3, ""norm"": true, ""num_epochs"": 5, ""parallel_strategy"": null, ""patch_size"": 6, ""r"": 0.5, ""recon_logvar_max"": 2.0, ""recon_logvar_min"": -6.0, ""recon_loss_type"": ""mse"", ""seq_len"": 48, ""stl_period"": 5, ""stride"": 6, ""time_freq_align_weight"": 0.2, ""use_frequency_branch"": false, ""use_information_condenser"": false}",0.8120300751879699,0.4444444444444444,0.31496062992125984,0.7547169811320755,0.8139097744360902,0.4530386740331492,0.3203125,0.7735849056603774,0.8090909090909091,0.32222222222222224,0.0,0.46089285714285716,0.7737430076630504,0.6818441483607982,0.8942729976741606,0.8774569661637847,0.5167465318489505,0.8148546858270338,0.4065100649440361,0.8122925358724409,0.41107338063367665,EWJ.csv,21,,,
MindTS,"{""seed"": 2021, ""strategy_name"": ""unfixed_detect_label""}","{""align_loss_type"": ""contrastive"", ""batch_size"": 16, ""d_ff"": 512, ""d_model"": 256, ""dataset_description"": ""EWJ is a financial stock series. Numerical data come from Yahoo Finance; related financial news comes from NASDAQ, Bloomberg, and other financial news websites."", ""e_layers"": 1, ""enc_in_time"": 1, ""frequency_keep_modes"": 4, ""horizon"": 0, ""mask_ratio"": 0.3, ""norm"": true, ""num_epochs"": 5, ""parallel_strategy"": null, ""patch_size"": 6, ""r"": 0.5, ""recon_logvar_max"": 2.0, ""recon_logvar_min"": -6.0, ""recon_loss_type"": ""mse"", ""seq_len"": 48, ""stl_period"": 5, ""stride"": 6, ""time_freq_align_weight"": 0.2, ""use_frequency_branch"": false, ""use_information_condenser"": false}",0.7951127819548872,0.4293193717277487,0.2971014492753623,0.7735849056603774,0.8045112781954887,0.46938775510204084,0.32167832167832167,0.8679245283018868,0.8172727272727273,0.30833333333333335,0.0,0.44774532238524706,0.7712646729981096,0.6671013252706585,0.9139757948769577,0.8774569661637847,0.5167465318489505,0.8148546858270338,0.4065100649440361,0.8122925358724409,0.41107338063367665,EWJ.csv,22,,,
MindTS,"{""seed"": 2021, ""strategy_name"": ""unfixed_detect_label""}","{""align_loss_type"": ""contrastive"", ""batch_size"": 16, ""d_ff"": 512, ""d_model"": 256, ""dataset_description"": ""EWJ is a financial stock series. Numerical data come from Yahoo Finance; related financial news comes from NASDAQ, Bloomberg, and other financial news websites."", ""e_layers"": 1, ""enc_in_time"": 1, ""frequency_keep_modes"": 4, ""horizon"": 0, ""mask_ratio"": 0.3, ""norm"": true, ""num_epochs"": 5, ""parallel_strategy"": null, ""patch_size"": 6, ""r"": 0.5, ""recon_logvar_max"": 2.0, ""recon_logvar_min"": -6.0, ""recon_loss_type"": ""mse"", ""seq_len"": 48, ""stl_period"": 5, ""stride"": 6, ""time_freq_align_weight"": 0.2, ""use_frequency_branch"": false, ""use_information_condenser"": false}",0.7913533834586466,0.4307692307692308,0.29577464788732394,0.7924528301886793,0.7988721804511278,0.4623115577889447,0.3150684931506849,0.8679245283018868,0.8172727272727273,0.30355805243445694,0.0,0.4426889801572354,0.7677075030710607,0.6613940121373436,0.9147450256461884,0.8774569661637847,0.5167465318489505,0.8148546858270338,0.4065100649440361,0.8122925358724409,0.41107338063367665,EWJ.csv,23,,,
MindTS,"{""seed"": 2021, ""strategy_name"": ""unfixed_detect_label""}","{""align_loss_type"": ""contrastive"", ""batch_size"": 16, ""d_ff"": 512, ""d_model"": 256, ""dataset_description"": ""EWJ is a financial stock series. Numerical data come from Yahoo Finance; related financial news comes from NASDAQ, Bloomberg, and other financial news websites."", ""e_layers"": 1, ""enc_in_time"": 1, ""frequency_keep_modes"": 4, ""horizon"": 0, ""mask_ratio"": 0.3, ""norm"": true, ""num_epochs"": 5, ""parallel_strategy"": null, ""patch_size"": 6, ""r"": 0.5, ""recon_logvar_max"": 2.0, ""recon_logvar_min"": -6.0, ""recon_loss_type"": ""mse"", ""seq_len"": 48, ""stl_period"": 5, ""stride"": 6, ""time_freq_align_weight"": 0.2, ""use_frequency_branch"": false, ""use_information_condenser"": false}",0.7781954887218046,0.42156862745098045,0.2847682119205298,0.8113207547169812,0.7857142857142857,0.4519230769230769,0.3032258064516129,0.8867924528301887,0.84,0.29175824175824183,0.0,0.43309059131954564,0.7726520985804023,0.6653395723344339,0.9212385321396949,0.8774569661637847,0.5167465318489505,0.8148546858270338,0.4065100649440361,0.8122925358724409,0.41107338063367665,EWJ.csv,24,,,
MindTS,"{""seed"": 2021, ""strategy_name"": ""unfixed_detect_label""}","{""align_loss_type"": ""contrastive"", ""batch_size"": 16, ""d_ff"": 512, ""d_model"": 256, ""dataset_description"": ""EWJ is a financial stock series. Numerical data come from Yahoo Finance; related financial news comes from NASDAQ, Bloomberg, and other financial news websites."", ""e_layers"": 1, ""enc_in_time"": 1, ""frequency_keep_modes"": 4, ""horizon"": 0, ""mask_ratio"": 0.3, ""norm"": true, ""num_epochs"": 5, ""parallel_strategy"": null, ""patch_size"": 6, ""r"": 0.5, ""recon_logvar_max"": 2.0, ""recon_logvar_min"": -6.0, ""recon_loss_type"": ""mse"", ""seq_len"": 48, ""stl_period"": 5, ""stride"": 6, ""time_freq_align_weight"": 0.2, ""use_frequency_branch"": false, ""use_information_condenser"": false}",0.7669172932330827,0.41509433962264153,0.27672955974842767,0.8301886792452831,0.7744360902255639,0.4444444444444444,0.294478527607362,0.9056603773584906,0.8627272727272729,0.28457446808510645,0.0,0.427978353044314,0.770223437302516,0.659805180348395,0.9250264109275737,0.8774569661637847,0.5167465318489505,0.8148546858270338,0.4065100649440361,0.8122925358724409,0.41107338063367665,EWJ.csv,25,,,
MindTS,"{""seed"": 2021, ""strategy_name"": ""unfixed_detect_label""}","{""align_loss_type"": ""contrastive"", ""batch_size"": 16, ""d_ff"": 512, ""d_model"": 256, ""dataset_description"": ""EWJ is a financial stock series. Numerical data come from Yahoo Finance; related financial news comes from NASDAQ, Bloomberg, and other financial news websites."", ""e_layers"": 1, ""enc_in_time"": 1, ""frequency_keep_modes"": 4, ""horizon"": 0, ""mask_ratio"": 0.3, ""norm"": true, ""num_epochs"": 5, ""parallel_strategy"": null, ""patch_size"": 6, ""r"": 0.5, ""recon_logvar_max"": 2.0, ""recon_logvar_min"": -6.0, ""recon_loss_type"": ""mse"", ""seq_len"": 48, ""stl_period"": 5, ""stride"": 6, ""time_freq_align_weight"": 0.2, ""use_frequency_branch"": false, ""use_information_condenser"": false}",0.7593984962406015,0.4074074074074074,0.26993865030674846,0.8301886792452831,0.7669172932330827,0.4363636363636363,0.2874251497005988,0.9056603773584906,0.8627272727272729,0.2717013888888889,0.0,0.4132550704393871,0.7806555900543539,0.6674138207762438,0.9401779260790888,0.8774569661637847,0.5167465318489505,0.8148546858270338,0.4065100649440361,0.8122925358724409,0.41107338063367665,EWJ.csv,26,,,
MindTS,"{""seed"": 2021, ""strategy_name"": ""unfixed_detect_label""}","{""align_loss_type"": ""contrastive"", ""batch_size"": 16, ""d_ff"": 512, ""d_model"": 256, ""dataset_description"": ""EWJ is a financial stock series. Numerical data come from Yahoo Finance; related financial news comes from NASDAQ, Bloomberg, and other financial news websites."", ""e_layers"": 1, ""enc_in_time"": 1, ""frequency_keep_modes"": 4, ""horizon"": 0, ""mask_ratio"": 0.3, ""norm"": true, ""num_epochs"": 5, ""parallel_strategy"": null, ""patch_size"": 6, ""r"": 0.5, ""recon_logvar_max"": 2.0, ""recon_logvar_min"": -6.0, ""recon_loss_type"": ""mse"", ""seq_len"": 48, ""stl_period"": 5, ""stride"": 6, ""time_freq_align_weight"": 0.2, ""use_frequency_branch"": false, ""use_information_condenser"": false}",0.7575187969924813,0.4055299539170507,0.2682926829268293,0.8301886792452831,0.7650375939849624,0.43438914027149317,0.2857142857142857,0.9056603773584906,0.8627272727272729,0.2745614035087719,0.0,0.41655494474673244,0.7802766849756984,0.6668601109202085,0.9401779260790888,0.8774569661637847,0.5167465318489505,0.8148546858270338,0.4065100649440361,0.8122925358724409,0.41107338063367665,EWJ.csv,27,,,
MindTS,"{""seed"": 2021, ""strategy_name"": ""unfixed_detect_label""}","{""align_loss_type"": ""contrastive"", ""batch_size"": 16, ""d_ff"": 512, ""d_model"": 256, ""dataset_description"": ""EWJ is a financial stock series. Numerical data come from Yahoo Finance; related financial news comes from NASDAQ, Bloomberg, and other financial news websites."", ""e_layers"": 1, ""enc_in_time"": 1, ""frequency_keep_modes"": 4, ""horizon"": 0, ""mask_ratio"": 0.3, ""norm"": true, ""num_epochs"": 5, ""parallel_strategy"": null, ""patch_size"": 6, ""r"": 0.5, ""recon_logvar_max"": 2.0, ""recon_logvar_min"": -6.0, ""recon_loss_type"": ""mse"", ""seq_len"": 48, ""stl_period"": 5, ""stride"": 6, ""time_freq_align_weight"": 0.2, ""use_frequency_branch"": false, ""use_information_condenser"": false}",0.7443609022556391,0.39823008849557523,0.26011560693641617,0.8490566037735849,0.7518796992481203,0.42608695652173917,0.2768361581920904,0.9245283018867925,0.8854545454545456,0.26523323615160355,0.0,0.408194087588635,0.7775317050795457,0.6568637112835134,0.9525110790372419,0.8774569661637847,0.5167465318489505,0.8148546858270338,0.4065100649440361,0.8122925358724409,0.41107338063367665,EWJ.csv,28,,,
MindTS,"{""seed"": 2021, ""strategy_name"": ""unfixed_detect_label""}","{""align_loss_type"": ""contrastive"", ""batch_size"": 16, ""d_ff"": 512, ""d_model"": 256, ""dataset_description"": ""EWJ is a financial stock series. Numerical data come from Yahoo Finance; related financial news comes from NASDAQ, Bloomberg, and other financial news websites."", ""e_layers"": 1, ""enc_in_time"": 1, ""frequency_keep_modes"": 4, ""horizon"": 0, ""mask_ratio"": 0.3, ""norm"": true, ""num_epochs"": 5, ""parallel_strategy"": null, ""patch_size"": 6, ""r"": 0.5, ""recon_logvar_max"": 2.0, ""recon_logvar_min"": -6.0, ""recon_loss_type"": ""mse"", ""seq_len"": 48, ""stl_period"": 5, ""stride"": 6, ""time_freq_align_weight"": 0.2, ""use_frequency_branch"": false, ""use_information_condenser"": false}",0.7368421052631579,0.391304347826087,0.2542372881355932,0.8490566037735849,0.7443609022556391,0.4188034188034187,0.27071823204419887,0.9245283018867925,0.8854545454545456,0.2591871091871092,0.0,0.40099607247789176,0.7740326909221148,0.6518846859791282,0.9525110790372419,0.8774569661637847,0.5167465318489505,0.8148546858270338,0.4065100649440361,0.8122925358724409,0.41107338063367665,EWJ.csv,29,,,
MindTS,"{""seed"": 2021, ""strategy_name"": ""unfixed_detect_label""}","{""align_loss_type"": ""contrastive"", ""batch_size"": 16, ""d_ff"": 512, ""d_model"": 256, ""dataset_description"": ""EWJ is a financial stock series. Numerical data come from Yahoo Finance; related financial news comes from NASDAQ, Bloomberg, and other financial news websites."", ""e_layers"": 1, ""enc_in_time"": 1, ""frequency_keep_modes"": 4, ""horizon"": 0, ""mask_ratio"": 0.3, ""norm"": true, ""num_epochs"": 5, ""parallel_strategy"": null, ""patch_size"": 6, ""r"": 0.5, ""recon_logvar_max"": 2.0, ""recon_logvar_min"": -6.0, ""recon_loss_type"": ""mse"", ""seq_len"": 48, ""stl_period"": 5, ""stride"": 6, ""time_freq_align_weight"": 0.2, ""use_frequency_branch"": false, ""use_information_condenser"": false}",0.7255639097744361,0.3813559322033898,0.2459016393442623,0.8490566037735849,0.7330827067669173,0.4083333333333333,0.2620320855614973,0.9245283018867925,0.8854545454545456,0.2548100048100048,0.0,0.3957374223972272,0.767337527159991,0.6424429724372938,0.9525110790372419,0.8774569661637847,0.5167465318489505,0.8148546858270338,0.4065100649440361,0.8122925358724409,0.41107338063367665,EWJ.csv,30,,,
MindTS,"{""seed"": 2021, ""strategy_name"": ""unfixed_detect_label""}","{""align_loss_type"": ""contrastive"", ""batch_size"": 16, ""d_ff"": 512, ""d_model"": 256, ""dataset_description"": ""EWJ is a financial stock series. Numerical data come from Yahoo Finance; related financial news comes from NASDAQ, Bloomberg, and other financial news websites."", ""e_layers"": 1, ""enc_in_time"": 1, ""frequency_keep_modes"": 4, ""horizon"": 0, ""mask_ratio"": 0.3, ""norm"": true, ""num_epochs"": 5, ""parallel_strategy"": null, ""patch_size"": 6, ""r"": 0.5, ""recon_logvar_max"": 2.0, ""recon_logvar_min"": -6.0, ""recon_loss_type"": ""mse"", ""seq_len"": 48, ""stl_period"": 5, ""stride"": 6, ""time_freq_align_weight"": 0.2, ""use_frequency_branch"": false, ""use_information_condenser"": false}",0.6842105263157895,0.36363636363636365,0.22748815165876776,0.9056603773584906,0.6879699248120301,0.37593984962406013,0.2347417840375587,0.9433962264150944,0.9190909090909092,0.2222576530612245,0.0,0.35795373153889215,0.7577117555231052,0.6236361210703877,0.9652258158508158,0.8774569661637847,0.5167465318489505,0.8148546858270338,0.4065100649440361,0.8122925358724409,0.41107338063367665,EWJ.csv,35,,,
MindTS,"{""seed"": 2021, ""strategy_name"": ""unfixed_detect_label""}","{""align_loss_type"": ""contrastive"", ""batch_size"": 16, ""d_ff"": 512, ""d_model"": 256, ""dataset_description"": ""EWJ is a financial stock series. Numerical data come from Yahoo Finance; related financial news comes from NASDAQ, Bloomberg, and other financial news websites."", ""e_layers"": 1, ""enc_in_time"": 1, ""frequency_keep_modes"": 4, ""horizon"": 0, ""mask_ratio"": 0.3, ""norm"": true, ""num_epochs"": 5, ""parallel_strategy"": null, ""patch_size"": 6, ""r"": 0.5, ""recon_logvar_max"": 2.0, ""recon_logvar_min"": -6.0, ""recon_loss_type"": ""mse"", ""seq_len"": 48, ""stl_period"": 5, ""stride"": 6, ""time_freq_align_weight"": 0.2, ""use_frequency_branch"": false, ""use_information_condenser"": false}",0.6466165413533834,0.34265734265734266,0.21030042918454936,0.9245283018867925,0.6484962406015038,0.34843205574912894,0.21367521367521367,0.9433962264150944,0.920909090909091,0.19167720185419296,0.0,0.31730981921255674,0.7505550023719123,0.6121177940067308,0.9699111305361305,0.8774569661637847,0.5167465318489505,0.8148546858270338,0.4065100649440361,0.8122925358724409,0.41107338063367665,EWJ.csv,40,,,
MindTS,"{""seed"": 2021, ""strategy_name"": ""unfixed_detect_label""}","{""align_loss_type"": ""contrastive"", ""batch_size"": 16, ""d_ff"": 512, ""d_model"": 256, ""dataset_description"": ""EWJ is a financial stock series. Numerical data come from Yahoo Finance; related financial news comes from NASDAQ, Bloomberg, and other financial news websites."", ""e_layers"": 1, ""enc_in_time"": 1, ""frequency_keep_modes"": 4, ""horizon"": 0, ""mask_ratio"": 0.3, ""norm"": true, ""num_epochs"": 5, ""parallel_strategy"": null, ""patch_size"": 6, ""r"": 0.5, ""recon_logvar_max"": 2.0, ""recon_logvar_min"": -6.0, ""recon_loss_type"": ""mse"", ""seq_len"": 48, ""stl_period"": 5, ""stride"": 6, ""time_freq_align_weight"": 0.2, ""use_frequency_branch"": false, ""use_information_condenser"": false}",0.6372180451127819,0.33676975945017185,0.20588235294117646,0.9245283018867925,0.6390977443609023,0.3424657534246575,0.20920502092050208,0.9433962264150944,0.920909090909091,0.18871173469387753,0.0,0.31323556305169514,0.74679878380399,0.6071367969563083,0.9699111305361305,0.8774569661637847,0.5167465318489505,0.8148546858270338,0.4065100649440361,0.8122925358724409,0.41107338063367665,EWJ.csv,41,,,
MindTS,"{""seed"": 2021, ""strategy_name"": ""unfixed_detect_label""}","{""align_loss_type"": ""contrastive"", ""batch_size"": 16, ""d_ff"": 512, ""d_model"": 256, ""dataset_description"": ""EWJ is a financial stock series. Numerical data come from Yahoo Finance; related financial news comes from NASDAQ, Bloomberg, and other financial news websites."", ""e_layers"": 1, ""enc_in_time"": 1, ""frequency_keep_modes"": 4, ""horizon"": 0, ""mask_ratio"": 0.3, ""norm"": true, ""num_epochs"": 5, ""parallel_strategy"": null, ""patch_size"": 6, ""r"": 0.5, ""recon_logvar_max"": 2.0, ""recon_logvar_min"": -6.0, ""recon_loss_type"": ""mse"", ""seq_len"": 48, ""stl_period"": 5, ""stride"": 6, ""time_freq_align_weight"": 0.2, ""use_frequency_branch"": false, ""use_information_condenser"": false}",0.6259398496240601,0.32996632996632996,0.20081967213114754,0.9245283018867925,0.6278195488721805,0.33557046979865773,0.20408163265306123,0.9433962264150944,0.920909090909091,0.1840852130325814,0.0,0.3068355114210424,0.7444497659679616,0.6040377514912978,0.9699111305361305,0.8774569661637847,0.5167465318489505,0.8148546858270338,0.4065100649440361,0.8122925358724409,0.41107338063367665,EWJ.csv,42,,,
MindTS,"{""seed"": 2021, ""strategy_name"": ""unfixed_detect_label""}","{""align_loss_type"": ""contrastive"", ""batch_size"": 16, ""d_ff"": 512, ""d_model"": 256, ""dataset_description"": ""EWJ is a financial stock series. Numerical data come from Yahoo Finance; related financial news comes from NASDAQ, Bloomberg, and other financial news websites."", ""e_layers"": 1, ""enc_in_time"": 1, ""frequency_keep_modes"": 4, ""horizon"": 0, ""mask_ratio"": 0.3, ""norm"": true, ""num_epochs"": 5, ""parallel_strategy"": null, ""patch_size"": 6, ""r"": 0.5, ""recon_logvar_max"": 2.0, ""recon_logvar_min"": -6.0, ""recon_loss_type"": ""mse"", ""seq_len"": 48, ""stl_period"": 5, ""stride"": 6, ""time_freq_align_weight"": 0.2, ""use_frequency_branch"": false, ""use_information_condenser"": false}",0.6146616541353384,0.32343234323432346,0.196,0.9245283018867925,0.6165413533834586,0.3289473684210526,0.199203187250996,0.9433962264150944,0.920909090909091,0.1754568440409148,0.0,0.2947552410899469,0.7451979110801908,0.6050234522791609,0.9699111305361305,0.8774569661637847,0.5167465318489505,0.8148546858270338,0.4065100649440361,0.8122925358724409,0.41107338063367665,EWJ.csv,43,,,
MindTS,"{""seed"": 2021, ""strategy_name"": ""unfixed_detect_label""}","{""align_loss_type"": ""contrastive"", ""batch_size"": 16, ""d_ff"": 512, ""d_model"": 256, ""dataset_description"": ""EWJ is a financial stock series. Numerical data come from Yahoo Finance; related financial news comes from NASDAQ, Bloomberg, and other financial news websites."", ""e_layers"": 1, ""enc_in_time"": 1, ""frequency_keep_modes"": 4, ""horizon"": 0, ""mask_ratio"": 0.3, ""norm"": true, ""num_epochs"": 5, ""parallel_strategy"": null, ""patch_size"": 6, ""r"": 0.5, ""recon_logvar_max"": 2.0, ""recon_logvar_min"": -6.0, ""recon_loss_type"": ""mse"", ""seq_len"": 48, ""stl_period"": 5, ""stride"": 6, ""time_freq_align_weight"": 0.2, ""use_frequency_branch"": false, ""use_information_condenser"": false}",0.5939849624060151,0.31210191082802546,0.18773946360153257,0.9245283018867925,0.5958646616541353,0.3174603174603175,0.19083969465648856,0.9433962264150944,0.920909090909091,0.16139092791266701,0.0,0.27464911784226037,0.7385146410014061,0.5962615723097722,0.9699111305361305,0.8774569661637847,0.5167465318489505,0.8148546858270338,0.4065100649440361,0.8122925358724409,0.41107338063367665,EWJ.csv,44,,,
MindTS,"{""seed"": 2021, ""strategy_name"": ""unfixed_detect_label""}","{""align_loss_type"": ""contrastive"", ""batch_size"": 16, ""d_ff"": 512, ""d_model"": 256, ""dataset_description"": ""EWJ is a financial stock series. Numerical data come from Yahoo Finance; related financial news comes from NASDAQ, Bloomberg, and other financial news websites."", ""e_layers"": 1, ""enc_in_time"": 1, ""frequency_keep_modes"": 4, ""horizon"": 0, ""mask_ratio"": 0.3, ""norm"": true, ""num_epochs"": 5, ""parallel_strategy"": null, ""patch_size"": 6, ""r"": 0.5, ""recon_logvar_max"": 2.0, ""recon_logvar_min"": -6.0, ""recon_loss_type"": ""mse"", ""seq_len"": 48, ""stl_period"": 5, ""stride"": 6, ""time_freq_align_weight"": 0.2, ""use_frequency_branch"": false, ""use_information_condenser"": false}",0.5883458646616542,0.3134796238244514,0.18796992481203006,0.9433962264150944,0.5902255639097744,0.31875,0.19101123595505617,0.9622641509433962,0.9436363636363635,0.16575461575461573,0.0,0.2819782849730644,0.7535961492636375,0.6061055221413865,0.9959527972027972,0.8774569661637847,0.5167465318489505,0.8148546858270338,0.4065100649440361,0.8122925358724409,0.41107338063367665,EWJ.csv,45,,,
MindTS,"{""seed"": 2021, ""strategy_name"": ""unfixed_detect_label""}","{""align_loss_type"": ""contrastive"", ""batch_size"": 16, ""d_ff"": 512, ""d_model"": 256, ""dataset_description"": ""EWJ is a financial stock series. Numerical data come from Yahoo Finance; related financial news comes from NASDAQ, Bloomberg, and other financial news websites."", ""e_layers"": 1, ""enc_in_time"": 1, ""frequency_keep_modes"": 4, ""horizon"": 0, ""mask_ratio"": 0.3, ""norm"": true, ""num_epochs"": 5, ""parallel_strategy"": null, ""patch_size"": 6, ""r"": 0.5, ""recon_logvar_max"": 2.0, ""recon_logvar_min"": -6.0, ""recon_loss_type"": ""mse"", ""seq_len"": 48, ""stl_period"": 5, ""stride"": 6, ""time_freq_align_weight"": 0.2, ""use_frequency_branch"": false, ""use_information_condenser"": false}",0.575187969924812,0.30674846625766866,0.18315018315018314,0.9433962264150944,0.5770676691729323,0.3119266055045871,0.18613138686131386,0.9622641509433962,0.9436363636363635,0.15693627360294024,0.0,0.2691158575717338,0.7497733807393918,0.6011750501273658,0.9959527972027972,0.8774569661637847,0.5167465318489505,0.8148546858270338,0.4065100649440361,0.8122925358724409,0.41107338063367665,EWJ.csv,46,,,
MindTS,"{""seed"": 2021, ""strategy_name"": ""unfixed_detect_label""}","{""align_loss_type"": ""contrastive"", ""batch_size"": 16, ""d_ff"": 512, ""d_model"": 256, ""dataset_description"": ""EWJ is a financial stock series. Numerical data come from Yahoo Finance; related financial news comes from NASDAQ, Bloomberg, and other financial news websites."", ""e_layers"": 1, ""enc_in_time"": 1, ""frequency_keep_modes"": 4, ""horizon"": 0, ""mask_ratio"": 0.3, ""norm"": true, ""num_epochs"": 5, ""parallel_strategy"": null, ""patch_size"": 6, ""r"": 0.5, ""recon_logvar_max"": 2.0, ""recon_logvar_min"": -6.0, ""recon_loss_type"": ""mse"", ""seq_len"": 48, ""stl_period"": 5, ""stride"": 6, ""time_freq_align_weight"": 0.2, ""use_frequency_branch"": false, ""use_information_condenser"": false}",0.5695488721804511,0.30395136778115506,0.18115942028985507,0.9433962264150944,0.5714285714285714,0.3090909090909091,0.18411552346570398,0.9622641509433962,0.9436363636363635,0.15560630518257634,0.0,0.2671580573544174,0.745925839811405,0.5962431764454922,0.9959527972027972,0.8774569661637847,0.5167465318489505,0.8148546858270338,0.4065100649440361,0.8122925358724409,0.41107338063367665,EWJ.csv,47,,,
MindTS,"{""seed"": 2021, ""strategy_name"": ""unfixed_detect_label""}","{""align_loss_type"": ""contrastive"", ""batch_size"": 16, ""d_ff"": 512, ""d_model"": 256, ""dataset_description"": ""EWJ is a financial stock series. Numerical data come from Yahoo Finance; related financial news comes from NASDAQ, Bloomberg, and other financial news websites."", ""e_layers"": 1, ""enc_in_time"": 1, ""frequency_keep_modes"": 4, ""horizon"": 0, ""mask_ratio"": 0.3, ""norm"": true, ""num_epochs"": 5, ""parallel_strategy"": null, ""patch_size"": 6, ""r"": 0.5, ""recon_logvar_max"": 2.0, ""recon_logvar_min"": -6.0, ""recon_loss_type"": ""mse"", ""seq_len"": 48, ""stl_period"": 5, ""stride"": 6, ""time_freq_align_weight"": 0.2, ""use_frequency_branch"": false, ""use_information_condenser"": false}",0.556390977443609,0.29761904761904767,0.17667844522968199,0.9433962264150944,0.5582706766917294,0.30267062314540055,0.1795774647887324,0.9622641509433962,0.9436363636363635,0.1596656001003827,0.0,0.2731188219157248,0.7398836419752207,0.5885593151137605,0.9959527972027972,0.8774569661637847,0.5167465318489505,0.8148546858270338,0.4065100649440361,0.8122925358724409,0.41107338063367665,EWJ.csv,48,,,
MindTS,"{""seed"": 2021, ""strategy_name"": ""unfixed_detect_label""}","{""align_loss_type"": ""contrastive"", ""batch_size"": 16, ""d_ff"": 512, ""d_model"": 256, ""dataset_description"": ""EWJ is a financial stock series. Numerical data come from Yahoo Finance; related financial news comes from NASDAQ, Bloomberg, and other financial news websites."", ""e_layers"": 1, ""enc_in_time"": 1, ""frequency_keep_modes"": 4, ""horizon"": 0, ""mask_ratio"": 0.3, ""norm"": true, ""num_epochs"": 5, ""parallel_strategy"": null, ""patch_size"": 6, ""r"": 0.5, ""recon_logvar_max"": 2.0, ""recon_logvar_min"": -6.0, ""recon_loss_type"": ""mse"", ""seq_len"": 48, ""stl_period"": 5, ""stride"": 6, ""time_freq_align_weight"": 0.2, ""use_frequency_branch"": false, ""use_information_condenser"": false}",0.5488721804511278,0.29824561403508776,0.17647058823529413,0.9622641509433962,0.5507518796992481,0.3032069970845481,0.1793103448275862,0.9811320754716981,0.9663636363636364,0.16681934137291274,0.0,0.2845227090631318,0.7390533916557844,0.5871802503487807,0.9968997668997669,0.8774569661637847,0.5167465318489505,0.8148546858270338,0.4065100649440361,0.8122925358724409,0.41107338063367665,EWJ.csv,49,,,
MindTS,"{""seed"": 2021, ""strategy_name"": ""unfixed_detect_label""}","{""align_loss_type"": ""contrastive"", ""batch_size"": 16, ""d_ff"": 512, ""d_model"": 256, ""dataset_description"": ""EWJ is a financial stock series. Numerical data come from Yahoo Finance; related financial news comes from NASDAQ, Bloomberg, and other financial news websites."", ""e_layers"": 1, ""enc_in_time"": 1, ""frequency_keep_modes"": 4, ""horizon"": 0, ""mask_ratio"": 0.3, ""norm"": true, ""num_epochs"": 5, ""parallel_strategy"": null, ""patch_size"": 6, ""r"": 0.5, ""recon_logvar_max"": 2.0, ""recon_logvar_min"": -6.0, ""recon_loss_type"": ""mse"", ""seq_len"": 48, ""stl_period"": 5, ""stride"": 6, ""time_freq_align_weight"": 0.2, ""use_frequency_branch"": false, ""use_information_condenser"": false}",0.5451127819548872,0.2965116279069767,0.17525773195876287,0.9622641509433962,0.5469924812030075,0.3014492753623188,0.1780821917808219,0.9811320754716981,0.9663636363636364,0.16235505565862704,0.0,0.27800376316474923,0.7394186763572976,0.5876415458100761,0.9968997668997669,0.8774569661637847,0.5167465318489505,0.8148546858270338,0.4065100649440361,0.8122925358724409,0.41107338063367665,EWJ.csv,50,,,
MindTS,"{""seed"": 2021, ""strategy_name"": ""unfixed_detect_label""}","{""align_loss_type"": ""contrastive"", ""batch_size"": 16, ""d_ff"": 512, ""d_model"": 256, ""dataset_description"": ""EWJ is a financial stock series. Numerical data come from Yahoo Finance; related financial news comes from NASDAQ, Bloomberg, and other financial news websites."", ""e_layers"": 1, ""enc_in_time"": 1, ""frequency_keep_modes"": 4, ""horizon"": 0, ""mask_ratio"": 0.3, ""norm"": true, ""num_epochs"": 5, ""parallel_strategy"": null, ""patch_size"": 6, ""r"": 0.5, ""recon_logvar_max"": 2.0, ""recon_logvar_min"": -6.0, ""recon_loss_type"": ""mse"", ""seq_len"": 48, ""stl_period"": 5, ""stride"": 6, ""time_freq_align_weight"": 0.2, ""use_frequency_branch"": false, ""use_information_condenser"": false}",0.5375939849624061,0.29310344827586204,0.17288135593220338,0.9622641509433962,0.5394736842105263,0.2979942693409742,0.17567567567567569,0.9811320754716981,0.9663636363636364,0.1594433590008811,0.0,0.27372411937844743,0.7383789056649451,0.5863291891537851,0.9968997668997669,0.8774569661637847,0.5167465318489505,0.8148546858270338,0.4065100649440361,0.8122925358724409,0.41107338063367665,EWJ.csv,51,,,
