date,data,cols
1,4130200,channel1
2,4006300,channel1
3,5253300,channel1
4,4889900,channel1
5,5397600,channel1
6,5095000,channel1
7,5819500,channel1
8,4824100,channel1
9,4392300,channel1
10,6557900,channel1
11,4197900,channel1
12,9837100,channel1
13,6392400,channel1
14,10368700,channel1
15,7800700,channel1
16,6985200,channel1
17,5866700,channel1
18,5621500,channel1
19,10094800,channel1
20,5414600,channel1
21,4943100,channel1
22,4267300,channel1
23,7312300,channel1
24,4463900,channel1
25,4978300,channel1
26,10636200,channel1
27,8161100,channel1
28,5971200,channel1
29,6443200,channel1
30,6587500,channel1
31,9719500,channel1
32,4735700,channel1
33,8185600,channel1
34,5560400,channel1
35,4200100,channel1
36,4720700,channel1
37,4394900,channel1
38,3982600,channel1
39,6855900,channel1
40,8079700,channel1
41,4866300,channel1
42,5365000,channel1
43,15985800,channel1
44,7275100,channel1
45,7760700,channel1
46,4398100,channel1
47,4754000,channel1
48,7749000,channel1
49,7589000,channel1
50,10285600,channel1
51,8116300,channel1
52,7625100,channel1
53,13309600,channel1
54,7090900,channel1
55,5798200,channel1
56,8127800,channel1
57,4960100,channel1
58,6221200,channel1
59,5414100,channel1
60,5595000,channel1
61,6809400,channel1
62,5359000,channel1
63,4385400,channel1
64,5142800,channel1
65,9138100,channel1
66,5653000,channel1
67,7270700,channel1
68,5668500,channel1
69,7332300,channel1
70,5090100,channel1
71,4726400,channel1
72,4748300,channel1
73,6690100,channel1
74,5164800,channel1
75,3564400,channel1
76,5052800,channel1
77,5613900,channel1
78,23245900,channel1
79,5915500,channel1
80,3006800,channel1
81,7582400,channel1
82,6500100,channel1
83,8428000,channel1
84,6359100,channel1
85,6359400,channel1
86,5231100,channel1
87,6365100,channel1
88,4623900,channel1
89,6565100,channel1
90,4381300,channel1
91,5229500,channel1
92,4521600,channel1
93,4184200,channel1
94,6326900,channel1
95,9562500,channel1
96,5549500,channel1
97,3771700,channel1
98,5509400,channel1
99,1615600,channel1
100,3477700,channel1
101,4386800,channel1
102,3924100,channel1
103,3378800,channel1
104,6109400,channel1
105,6568600,channel1
106,7470700,channel1
107,6895200,channel1
108,4947200,channel1
109,4339400,channel1
110,4321600,channel1
111,3999800,channel1
112,4260600,channel1
113,5663300,channel1
114,6034400,channel1
115,4489100,channel1
116,8339400,channel1
117,6425100,channel1
118,4732200,channel1
119,5735400,channel1
120,4824800,channel1
121,5019600,channel1
122,6485700,channel1
123,5434500,channel1
124,7906000,channel1
125,3638600,channel1
126,8256600,channel1
127,10079800,channel1
128,6700000,channel1
129,6409900,channel1
130,4993900,channel1
131,5440000,channel1
132,6242400,channel1
133,6859600,channel1
134,5773700,channel1
135,3861900,channel1
136,4807100,channel1
137,4819200,channel1
138,11667900,channel1
139,5280600,channel1
140,6026200,channel1
141,4865800,channel1
142,5026200,channel1
143,7571800,channel1
144,3444000,channel1
145,4051300,channel1
146,3896900,channel1
147,3616000,channel1
148,3348300,channel1
149,4350000,channel1
150,5482900,channel1
151,4366800,channel1
152,12646200,channel1
153,8785300,channel1
154,5571700,channel1
155,4745800,channel1
156,7525400,channel1
157,6555300,channel1
158,4439600,channel1
159,4643300,channel1
160,5077300,channel1
161,5369300,channel1
162,4788100,channel1
163,4226300,channel1
164,5839700,channel1
165,5127500,channel1
166,4293100,channel1
167,3565400,channel1
168,4062300,channel1
169,5463300,channel1
170,5608400,channel1
171,5444000,channel1
172,4824300,channel1
173,4974600,channel1
174,4000500,channel1
175,6954600,channel1
176,5416800,channel1
177,3565500,channel1
178,5908800,channel1
179,4945700,channel1
180,5099500,channel1
181,3197400,channel1
182,6321700,channel1
183,6757900,channel1
184,4861000,channel1
185,5837200,channel1
186,4099500,channel1
187,6009500,channel1
188,7175600,channel1
189,10058100,channel1
190,13596700,channel1
191,8194500,channel1
192,6556500,channel1
193,6628800,channel1
194,3790700,channel1
195,6156500,channel1
196,5395100,channel1
197,5814600,channel1
198,7246100,channel1
199,9568200,channel1
200,10745700,channel1
201,8114300,channel1
202,10444000,channel1
203,8986600,channel1
204,10155200,channel1
205,8913100,channel1
206,7534100,channel1
207,6332500,channel1
208,5454300,channel1
209,6785600,channel1
210,6355300,channel1
211,9285400,channel1
212,5456900,channel1
213,7981800,channel1
214,7140400,channel1
215,7506800,channel1
216,5805000,channel1
217,6017900,channel1
218,7693500,channel1
219,6932800,channel1
220,6405400,channel1
221,5011500,channel1
222,9618300,channel1
223,7325900,channel1
224,13962200,channel1
225,4861900,channel1
226,9128500,channel1
227,7389000,channel1
228,9495000,channel1
229,4651700,channel1
230,6758300,channel1
231,7700600,channel1
232,6610700,channel1
233,4257900,channel1
234,6290300,channel1
235,6406400,channel1
236,5115900,channel1
237,4443900,channel1
238,6464400,channel1
239,3866500,channel1
240,3912500,channel1
241,8041400,channel1
242,6360800,channel1
243,6128800,channel1
244,6019700,channel1
245,6044000,channel1
246,5507000,channel1
247,6245100,channel1
248,7447500,channel1
249,6036200,channel1
250,6714600,channel1
251,3938100,channel1
252,3818600,channel1
253,4274800,channel1
254,7204100,channel1
255,4512600,channel1
256,5840300,channel1
257,4219700,channel1
258,5545500,channel1
259,5895000,channel1
260,6331400,channel1
261,6087300,channel1
262,5218300,channel1
263,9487400,channel1
264,6084600,channel1
265,37355400,channel1
266,13215500,channel1
267,12827000,channel1
268,9876600,channel1
269,7425500,channel1
270,9943900,channel1
271,6502000,channel1
272,5226700,channel1
273,8882100,channel1
274,6090900,channel1
275,6876100,channel1
276,5473500,channel1
277,6951400,channel1
278,9401700,channel1
279,11974000,channel1
280,8580300,channel1
281,7331300,channel1
282,9389800,channel1
283,7817800,channel1
284,9028200,channel1
285,7228000,channel1
286,6720600,channel1
287,7029300,channel1
288,5328100,channel1
289,4985200,channel1
290,6727200,channel1
291,7855500,channel1
292,5243700,channel1
293,5026800,channel1
294,6183800,channel1
295,5407700,channel1
296,6192900,channel1
297,3429200,channel1
298,3425400,channel1
299,6295100,channel1
300,5988500,channel1
301,5397500,channel1
302,5510700,channel1
303,6682400,channel1
304,7524700,channel1
305,12092500,channel1
306,14714100,channel1
307,13213800,channel1
308,10437000,channel1
309,7286200,channel1
310,6647700,channel1
311,5907500,channel1
312,10306600,channel1
313,6463400,channel1
314,5768500,channel1
315,5993000,channel1
316,6143600,channel1
317,4890200,channel1
318,4608400,channel1
319,5212200,channel1
320,4241200,channel1
321,2871400,channel1
322,6722700,channel1
323,4992800,channel1
324,5204200,channel1
325,5401200,channel1
326,6657300,channel1
327,7827300,channel1
328,7116500,channel1
329,9741100,channel1
330,7873300,channel1
331,2553400,channel1
332,6039700,channel1
333,6835600,channel1
334,7748500,channel1
335,10160200,channel1
336,7323800,channel1
337,4846400,channel1
338,7202800,channel1
339,7475900,channel1
340,7865100,channel1
341,7543700,channel1
342,8317200,channel1
343,10233600,channel1
344,5029700,channel1
345,6797500,channel1
346,15116500,channel1
347,15405200,channel1
348,11824800,channel1
349,8380600,channel1
350,4785700,channel1
351,2932300,channel1
352,4294400,channel1
353,4027000,channel1
354,3390500,channel1
355,3253500,channel1
356,7558100,channel1
357,8351700,channel1
358,13232500,channel1
359,8828300,channel1
360,15364500,channel1
361,10776200,channel1
362,6272500,channel1
363,5521800,channel1
364,6392000,channel1
365,6382400,channel1
366,6902400,channel1
367,5181000,channel1
368,7787900,channel1
369,11084000,channel1
370,7974000,channel1
371,6048500,channel1
372,5914600,channel1
373,4329100,channel1
374,11204400,channel1
375,5037300,channel1
376,4973700,channel1
377,5587300,channel1
378,3742700,channel1
379,7897100,channel1
380,6948500,channel1
381,5395600,channel1
382,6733900,channel1
383,5793900,channel1
384,5583300,channel1
385,3531000,channel1
386,5175400,channel1
387,5293100,channel1
388,3832700,channel1
389,9955900,channel1
390,7820600,channel1
391,8589000,channel1
392,6894300,channel1
393,5606300,channel1
394,5616200,channel1
395,6951400,channel1
396,10280500,channel1
397,7507100,channel1
398,5809900,channel1
399,4961200,channel1
400,4308800,channel1
401,5011300,channel1
402,5915900,channel1
403,8982500,channel1
404,6002200,channel1
405,5669500,channel1
406,7907900,channel1
407,5328500,channel1
408,6012300,channel1
409,4430900,channel1
410,5858900,channel1
411,3146700,channel1
412,5266800,channel1
413,5327900,channel1
414,5244200,channel1
415,4649000,channel1
416,3248300,channel1
417,4036000,channel1
418,3772900,channel1
419,3649400,channel1
420,4009600,channel1
421,5884500,channel1
422,5411900,channel1
423,5629600,channel1
424,5850900,channel1
425,5340200,channel1
426,3581500,channel1
427,6064700,channel1
428,7214100,channel1
429,4212000,channel1
430,4019200,channel1
431,4968300,channel1
432,4021100,channel1
433,2602800,channel1
434,4400000,channel1
435,4146400,channel1
436,3627500,channel1
437,6059600,channel1
438,5375500,channel1
439,4167500,channel1
440,4393200,channel1
441,5164900,channel1
442,5018700,channel1
443,5151500,channel1
444,5073800,channel1
445,8651400,channel1
446,7384500,channel1
447,5295800,channel1
448,6810400,channel1
449,4493200,channel1
450,6952800,channel1
451,7950000,channel1
452,9828400,channel1
453,8495500,channel1
454,14983900,channel1
455,9085400,channel1
456,6363700,channel1
457,2877600,channel1
458,7389500,channel1
459,5753400,channel1
460,5850700,channel1
461,6212700,channel1
462,3477300,channel1
463,3474200,channel1
464,4328200,channel1
465,5790100,channel1
466,6551100,channel1
467,4676500,channel1
468,5695500,channel1
469,6697500,channel1
470,9971700,channel1
471,8592600,channel1
472,5782600,channel1
473,5397300,channel1
474,6093400,channel1
475,7081500,channel1
476,8203800,channel1
477,4621000,channel1
478,4971700,channel1
479,10008600,channel1
480,5723000,channel1
481,4594800,channel1
482,9946700,channel1
483,5113700,channel1
484,5624300,channel1
485,3999400,channel1
486,6406600,channel1
487,5916100,channel1
488,3725800,channel1
489,6098000,channel1
490,6489700,channel1
491,5546700,channel1
492,4206800,channel1
493,4304600,channel1
494,4766300,channel1
495,4079000,channel1
496,4567500,channel1
497,5202500,channel1
498,7137000,channel1
499,6112000,channel1
500,7163800,channel1
501,8010200,channel1
502,8738900,channel1
503,7920400,channel1
504,11528500,channel1
505,13016600,channel1
506,16050100,channel1
507,18355000,channel1
508,13805100,channel1
509,13207300,channel1
510,8103600,channel1
511,6428700,channel1
512,8812200,channel1
513,8559400,channel1
514,8672000,channel1
515,8436900,channel1
516,6852300,channel1
517,13634800,channel1
518,10700800,channel1
519,8674800,channel1
520,10343300,channel1
521,5087500,channel1
522,5702900,channel1
523,6121500,channel1
524,6097100,channel1
525,6940600,channel1
526,6650900,channel1
527,6476900,channel1
528,5798800,channel1
529,9535700,channel1
530,5943400,channel1
531,4558100,channel1
532,5521900,channel1
533,5774200,channel1
534,7984200,channel1
535,5744600,channel1
536,7872800,channel1
537,7976800,channel1
538,9064600,channel1
539,6119600,channel1
540,5070300,channel1
541,6356700,channel1
542,4774000,channel1
543,6410600,channel1
544,6388500,channel1
545,8085900,channel1
546,10700000,channel1
547,7084100,channel1
548,7074400,channel1
549,6190600,channel1
550,4238700,channel1
551,5037100,channel1
552,7576400,channel1
553,4396500,channel1
554,4629900,channel1
555,4420000,channel1
556,5028900,channel1
557,7920500,channel1
558,4939500,channel1
559,6887400,channel1
560,4726200,channel1
561,4515700,channel1
562,4623100,channel1
563,5481500,channel1
564,5024900,channel1
565,8561400,channel1
566,8506100,channel1
567,6489600,channel1
568,6521100,channel1
569,3458700,channel1
570,4233200,channel1
571,5021100,channel1
572,6809900,channel1
573,4466500,channel1
574,3650300,channel1
575,3252400,channel1
576,4091300,channel1
577,4283100,channel1
578,6810600,channel1
579,6035200,channel1
580,9313500,channel1
581,10553800,channel1
582,7504400,channel1
583,2391100,channel1
584,4613700,channel1
585,6295800,channel1
586,9177400,channel1
587,6469200,channel1
588,25502000,channel1
589,12873300,channel1
590,5412500,channel1
591,10526500,channel1
592,6446100,channel1
593,4688300,channel1
594,4010700,channel1
595,5347600,channel1
596,4617300,channel1
597,5607100,channel1
598,7737000,channel1
599,4995000,channel1
600,6118000,channel1
601,6203500,channel1
602,6264300,channel1
603,3871200,channel1
604,3152300,channel1
605,3284400,channel1
606,5729000,channel1
607,4173600,channel1
608,7436000,channel1
609,3647200,channel1
610,5267600,channel1
611,7972600,channel1
612,5579000,channel1
613,7279200,channel1
614,3877900,channel1
615,5483800,channel1
616,3982200,channel1
617,4348500,channel1
618,4993700,channel1
619,6059100,channel1
620,5604900,channel1
621,4116700,channel1
622,5007700,channel1
623,7361000,channel1
624,5577100,channel1
625,5051600,channel1
626,6334000,channel1
627,10207000,channel1
628,6990100,channel1
629,4658600,channel1
630,5427000,channel1
631,5518600,channel1
632,5450400,channel1
633,3887300,channel1
634,5981900,channel1
635,5206100,channel1
636,5350600,channel1
637,6314800,channel1
638,5237400,channel1
639,4194200,channel1
640,6311200,channel1
641,8744500,channel1
642,10194100,channel1
643,5691500,channel1
644,5064800,channel1
645,6132700,channel1
646,4408500,channel1
647,7145200,channel1
648,4965700,channel1
649,3588200,channel1
650,3276200,channel1
651,5866400,channel1
652,5498500,channel1
653,4554600,channel1
654,6642100,channel1
655,4180500,channel1
656,6752300,channel1
657,5288600,channel1
658,6326300,channel1
659,8825200,channel1
660,3706700,channel1
661,4971500,channel1
662,4965000,channel1
663,3774400,channel1
664,4952700,channel1
665,5753900,channel1
666,6135400,channel1
667,4347800,channel1
668,3827700,channel1
669,5595600,channel1
670,4842400,channel1
671,3778300,channel1
672,6398200,channel1
673,4450200,channel1
674,4019100,channel1
675,5638100,channel1
676,4678800,channel1
677,3492800,channel1
678,5256400,channel1
679,3900000,channel1
680,3787800,channel1
681,4176600,channel1
682,4676800,channel1
683,5070500,channel1
684,5363000,channel1
685,9283100,channel1
686,7678700,channel1
687,8138200,channel1
688,6807700,channel1
689,5382000,channel1
690,4356700,channel1
691,4756200,channel1
692,4632300,channel1
693,3356500,channel1
694,3189700,channel1
695,3408700,channel1
696,3872000,channel1
697,3955500,channel1
698,4485600,channel1
699,3914300,channel1
700,3712100,channel1
701,4064200,channel1
702,7609500,channel1
703,6498300,channel1
704,6310800,channel1
705,7846000,channel1
706,4931800,channel1
707,3518400,channel1
708,3054000,channel1
709,3758900,channel1
710,3913500,channel1
711,5213500,channel1
712,5864200,channel1
713,4807500,channel1
714,3775200,channel1
715,4181300,channel1
716,4855800,channel1
717,4039300,channel1
718,3180100,channel1
719,4603600,channel1
720,4662800,channel1
721,4471300,channel1
722,6874600,channel1
723,4125700,channel1
724,4729600,channel1
725,4306600,channel1
726,4526600,channel1
727,14128000,channel1
728,6031800,channel1
729,5675700,channel1
730,3626300,channel1
731,3807400,channel1
732,5196400,channel1
733,4133100,channel1
734,2214600,channel1
735,3382600,channel1
736,2935200,channel1
737,3232900,channel1
738,3472400,channel1
739,3233600,channel1
740,3080300,channel1
741,4701100,channel1
742,4460300,channel1
743,6490000,channel1
744,6976500,channel1
745,4406200,channel1
746,4701800,channel1
747,3079100,channel1
748,3524500,channel1
749,4406100,channel1
750,7114800,channel1
751,5829100,channel1
752,4484300,channel1
753,6832600,channel1
754,5151100,channel1
755,4540100,channel1
756,3713700,channel1
757,3319600,channel1
758,4871600,channel1
759,3159000,channel1
760,4367900,channel1
761,2486200,channel1
762,2189900,channel1
763,3384300,channel1
764,2831700,channel1
765,3992200,channel1
766,5535300,channel1
767,8240700,channel1
768,6202900,channel1
769,3627100,channel1
770,3213900,channel1
771,2923700,channel1
772,2799600,channel1
773,3664200,channel1
774,2623300,channel1
775,3067500,channel1
776,3687400,channel1
777,4393500,channel1
778,4906200,channel1
779,4484400,channel1
780,3693800,channel1
781,3292700,channel1
782,4415300,channel1
783,3550800,channel1
784,3949600,channel1
785,6048500,channel1
786,4782100,channel1
787,4456200,channel1
788,4968200,channel1
789,4449500,channel1
790,5526600,channel1
791,3638200,channel1
792,5982400,channel1
793,4700400,channel1
794,3097900,channel1
795,4720500,channel1
796,4709900,channel1
797,4873700,channel1
798,3255300,channel1
799,4602800,channel1
800,6373200,channel1
801,4453000,channel1
802,7581400,channel1
803,6018500,channel1
804,3727100,channel1
805,4096400,channel1
806,3627300,channel1
807,3547400,channel1
808,4478200,channel1
809,6136700,channel1
810,7312800,channel1
811,3966400,channel1
812,4042300,channel1
813,4179200,channel1
814,3349700,channel1
815,3169300,channel1
816,4411300,channel1
817,5225500,channel1
818,5083800,channel1
819,4632500,channel1
820,4809700,channel1
821,6640200,channel1
822,4583000,channel1
823,3926500,channel1
824,2992000,channel1
825,4150400,channel1
826,5047900,channel1
827,3990700,channel1
828,5433700,channel1
829,5154800,channel1
830,5143200,channel1
831,5359300,channel1
832,1838200,channel1
833,4280900,channel1
834,4221300,channel1
835,3683900,channel1
836,6219100,channel1
837,6591200,channel1
838,4957800,channel1
839,6245900,channel1
840,3658800,channel1
841,4012200,channel1
842,3006600,channel1
843,2800800,channel1
844,5120100,channel1
845,4653000,channel1
846,2505600,channel1
847,3133200,channel1
848,3717600,channel1
849,3837000,channel1
850,4275700,channel1
851,3232400,channel1
852,6718000,channel1
853,1594200,channel1
854,3485800,channel1
855,3863800,channel1
856,3055100,channel1
857,4689100,channel1
858,6521500,channel1
859,5338600,channel1
860,4219900,channel1
861,6807700,channel1
862,4137600,channel1
863,3442200,channel1
864,4241100,channel1
865,3212000,channel1
866,3126300,channel1
867,3812700,channel1
868,3221500,channel1
869,7958700,channel1
870,6347800,channel1
871,7128000,channel1
872,4116000,channel1
873,4024400,channel1
874,4243300,channel1
875,3090300,channel1
876,4616000,channel1
877,3564600,channel1
878,6369900,channel1
879,4374500,channel1
880,3630600,channel1
881,3740000,channel1
882,4327900,channel1
883,3492200,channel1
884,3099500,channel1
885,3083100,channel1
886,3304900,channel1
887,3048400,channel1
888,4441400,channel1
889,7276500,channel1
890,9472800,channel1
891,9916300,channel1
892,6103700,channel1
893,4313100,channel1
894,6608600,channel1
895,7409000,channel1
896,4087300,channel1
897,5498400,channel1
898,4365000,channel1
899,3485900,channel1
900,4082500,channel1
901,3028700,channel1
902,2647900,channel1
903,3988800,channel1
904,3877900,channel1
905,3763800,channel1
906,2923400,channel1
907,2971600,channel1
908,6510200,channel1
909,3444000,channel1
910,3853300,channel1
911,3578300,channel1
912,5703000,channel1
913,3323200,channel1
914,3401300,channel1
915,4236900,channel1
916,2613500,channel1
917,4411500,channel1
918,2809800,channel1
919,4953500,channel1
920,4855500,channel1
921,4387500,channel1
922,3861400,channel1
923,3241700,channel1
924,4273500,channel1
925,3201900,channel1
926,5282200,channel1
927,4540300,channel1
928,5189000,channel1
929,4260000,channel1
930,4309700,channel1
931,3159300,channel1
932,4586400,channel1
933,2472700,channel1
934,3309100,channel1
935,2574700,channel1
936,4116700,channel1
937,3498000,channel1
938,4225200,channel1
939,4751000,channel1
940,4068900,channel1
941,3700500,channel1
942,3485000,channel1
943,2682800,channel1
944,3468900,channel1
945,4231000,channel1
946,3879500,channel1
947,3538900,channel1
948,3408100,channel1
949,3615800,channel1
950,4523300,channel1
951,3683800,channel1
952,5564600,channel1
953,5068400,channel1
954,14006300,channel1
955,11185800,channel1
956,6685300,channel1
957,4000300,channel1
958,7224200,channel1
959,4869000,channel1
960,6884000,channel1
961,8285300,channel1
962,6809100,channel1
963,5895200,channel1
964,5508000,channel1
965,4679500,channel1
966,4558100,channel1
967,3972600,channel1
968,5355600,channel1
969,4856600,channel1
970,5175400,channel1
971,5463600,channel1
972,6131000,channel1
973,5610000,channel1
974,5714900,channel1
975,7158700,channel1
976,8406400,channel1
977,6412400,channel1
978,3921300,channel1
979,4362200,channel1
980,4382200,channel1
981,6747100,channel1
982,4715800,channel1
983,4872100,channel1
984,2259100,channel1
985,3673200,channel1
986,4606400,channel1
987,4269500,channel1
988,4333300,channel1
989,5063400,channel1
990,5866200,channel1
991,4725500,channel1
992,3623600,channel1
993,5190200,channel1
994,4708000,channel1
995,7319300,channel1
996,4019000,channel1
997,4099600,channel1
998,3155400,channel1
999,4180700,channel1
1000,2671700,channel1
1001,2831700,channel1
1002,4319100,channel1
1003,4376700,channel1
1004,4418300,channel1
1005,11814400,channel1
1006,5395300,channel1
1007,4429600,channel1
1008,3839300,channel1
1009,4641500,channel1
1010,3868100,channel1
1011,3247400,channel1
1012,4612600,channel1
1013,4784700,channel1
1014,4479400,channel1
1015,4583300,channel1
1016,4325200,channel1
1017,6160700,channel1
1018,5298000,channel1
1019,3485100,channel1
1020,5979800,channel1
1021,4871300,channel1
1022,5667000,channel1
1023,4532200,channel1
1024,4865700,channel1
1025,5442900,channel1
1026,5625300,channel1
1027,11290000,channel1
1028,4618100,channel1
1029,4443300,channel1
1030,3662700,channel1
1031,2956700,channel1
1032,3191600,channel1
1033,3907100,channel1
1034,2256400,channel1
1035,2515700,channel1
1036,2522100,channel1
1037,4809900,channel1
1038,2778200,channel1
1039,6328700,channel1
1040,2611200,channel1
1041,2919000,channel1
1042,3631200,channel1
1043,2067300,channel1
1044,2920300,channel1
1045,5588300,channel1
1046,2987300,channel1
1047,3440300,channel1
1048,3178000,channel1
1049,2228900,channel1
1050,2631300,channel1
1051,5094000,channel1
1052,4238200,channel1
1053,3543400,channel1
1054,4230100,channel1
1055,3452200,channel1
1056,3086100,channel1
1057,3352500,channel1
1058,3477800,channel1
1059,4941000,channel1
1060,3657800,channel1
1061,3183100,channel1
1062,4954100,channel1
1063,4375500,channel1
1064,2817600,channel1
1065,3738700,channel1
1066,5742400,channel1
1067,4035400,channel1
1068,6619000,channel1
1069,4723800,channel1
1070,8695700,channel1
1071,4104300,channel1
1072,4427800,channel1
1073,4102500,channel1
1074,3357500,channel1
1075,2849100,channel1
1076,2612300,channel1
1077,3398200,channel1
1078,3611100,channel1
1079,5443600,channel1
1080,3653000,channel1
1081,4986800,channel1
1082,5823900,channel1
1083,3776300,channel1
1084,3742200,channel1
1085,2647200,channel1
1086,3548500,channel1
1087,2239600,channel1
1088,2247200,channel1
1089,3952100,channel1
1090,4652900,channel1
1091,4469300,channel1
1092,4352800,channel1
1093,3318200,channel1
1094,3579300,channel1
1095,2740300,channel1
1096,4009900,channel1
1097,3496800,channel1
1098,2536100,channel1
1099,3156400,channel1
1100,4638100,channel1
1101,4786000,channel1
1102,4110000,channel1
1103,6769400,channel1
1104,3618800,channel1
1105,1249400,channel1
1106,1887300,channel1
1107,1834800,channel1
1108,1882600,channel1
1109,3299700,channel1
1110,4219000,channel1
1111,12577400,channel1
1112,10538100,channel1
1113,6510600,channel1
1114,6725000,channel1
1115,8127900,channel1
1116,6548700,channel1
1117,4264000,channel1
1118,4546500,channel1
1119,4785100,channel1
1120,4321400,channel1
1121,6485100,channel1
1122,4484200,channel1
1123,4085200,channel1
1124,4396000,channel1
1125,5682400,channel1
1126,4194300,channel1
1127,4043300,channel1
1128,5511600,channel1
1129,4705800,channel1
1130,4404000,channel1
1131,7089700,channel1
1132,15925000,channel1
1133,9615200,channel1
1134,5124700,channel1
1135,4302300,channel1
1136,3688000,channel1
1137,3407600,channel1
1138,3032300,channel1
1139,2543900,channel1
1140,5154800,channel1
1141,7561500,channel1
1142,6517500,channel1
1143,3846200,channel1
1144,5084600,channel1
1145,4390700,channel1
1146,3253500,channel1
1147,4008400,channel1
1148,3500300,channel1
1149,7156700,channel1
1150,4802400,channel1
1151,4331100,channel1
1152,3192600,channel1
1153,4134500,channel1
1154,4133200,channel1
1155,4343700,channel1
1156,5143800,channel1
1157,4259700,channel1
1158,3963700,channel1
1159,4333000,channel1
1160,3577000,channel1
1161,3612300,channel1
1162,3510700,channel1
1163,2891600,channel1
1164,7155000,channel1
1165,4424900,channel1
1166,2971700,channel1
1167,4136700,channel1
1168,4886500,channel1
1169,7155800,channel1
1170,7741700,channel1
1171,4626600,channel1
1172,4945800,channel1
1173,4971800,channel1
1174,5273600,channel1
1175,5609000,channel1
1176,4307800,channel1
1177,5252400,channel1
1178,5712600,channel1
1179,4727200,channel1
1180,10496000,channel1
1181,6820300,channel1
1182,5001000,channel1
1183,6056000,channel1
1184,3844000,channel1
1185,4161700,channel1
1186,3521100,channel1
1187,3387900,channel1
1188,3141200,channel1
1189,5156300,channel1
1190,2747600,channel1
1191,3143100,channel1
1192,3765600,channel1
1193,4189200,channel1
1194,3979300,channel1
1195,3878100,channel1
1196,3716600,channel1
1197,3215800,channel1
1198,3686000,channel1
1199,3097000,channel1
1200,3612700,channel1
1201,2821100,channel1
1202,4631500,channel1
1203,3945700,channel1
1204,3556200,channel1
1205,6871400,channel1
1206,3348700,channel1
1207,2511500,channel1
1208,1890500,channel1
1209,2302500,channel1
1210,2490100,channel1
1211,1996600,channel1
1212,2881300,channel1
1213,1925500,channel1
1214,3738700,channel1
1215,12427300,channel1
1216,7570500,channel1
1217,3485700,channel1
1218,2859200,channel1
1219,3030600,channel1
1220,3126800,channel1
1221,3518600,channel1
1222,2085300,channel1
1223,65437800,channel1
1224,28563100,channel1
1225,20710500,channel1
1226,23598400,channel1
1227,17900300,channel1
1228,10238600,channel1
1229,9764000,channel1
1230,8209700,channel1
1231,10264200,channel1
1232,10748200,channel1
1233,11711600,channel1
1234,7730100,channel1
1235,7148200,channel1
1236,4349900,channel1
1237,7616000,channel1
1238,7627800,channel1
1239,7576000,channel1
1240,5161600,channel1
1241,7533700,channel1
1242,8873200,channel1
1243,9138900,channel1
1244,15113600,channel1
1245,10053000,channel1
1246,7457300,channel1
1247,5563500,channel1
1248,8613600,channel1
1249,8823000,channel1
1250,9664700,channel1
1251,5208300,channel1
1252,5988700,channel1
1253,6968000,channel1
1254,6593100,channel1
1255,6767900,channel1
1256,6122500,channel1
1257,5990800,channel1
1258,10402300,channel1
1259,19503800,channel1
1260,12885400,channel1
1261,10209500,channel1
1262,5580900,channel1
1263,4420500,channel1
1264,6665700,channel1
1265,5346900,channel1
1266,8477100,channel1
1267,6170700,channel1
1268,8802400,channel1
1269,5996400,channel1
1270,3949400,channel1
1271,5146200,channel1
1272,4470900,channel1
1273,5102000,channel1
1274,3051000,channel1
1275,3883100,channel1
1276,4724000,channel1
1277,5037800,channel1
1278,5606200,channel1
1279,9243800,channel1
1280,6000200,channel1
1281,5627600,channel1
1282,10835300,channel1
1283,7495700,channel1
1284,5843500,channel1
1285,5008300,channel1
1286,3721700,channel1
1287,6301800,channel1
1288,8253700,channel1
1289,5464600,channel1
1290,9196400,channel1
1291,7390400,channel1
1292,18538800,channel1
1293,16432000,channel1
1294,10559400,channel1
1295,8141700,channel1
1296,7876700,channel1
1297,14432900,channel1
1298,13010800,channel1
1299,10372800,channel1
1300,29984000,channel1
1301,10306700,channel1
1302,8272900,channel1
1303,10207700,channel1
1304,9472300,channel1
1305,10563500,channel1
1306,8208100,channel1
1307,9107200,channel1
1308,28912800,channel1
1309,11991100,channel1
1310,18747600,channel1
1311,12465500,channel1
1312,14523400,channel1
1313,8396900,channel1
1314,6642600,channel1
1315,7883000,channel1
1316,6673100,channel1
1317,5708600,channel1
1318,8229200,channel1
1319,5566400,channel1
1320,8663400,channel1
1321,4436000,channel1
1322,5679800,channel1
1323,11671500,channel1
1324,7329500,channel1
1325,6054000,channel1
1326,5932900,channel1
1327,4542400,channel1
1328,4630500,channel1
1329,6920100,channel1
1330,5833700,channel1
1331,5325500,channel1
1332,12950300,channel1
1333,8109000,channel1
1334,6878100,channel1
1335,8974400,channel1
1336,6667100,channel1
1337,5621000,channel1
1338,5062600,channel1
1339,3074500,channel1
1340,5350000,channel1
1341,5501000,channel1
1342,7224500,channel1
1343,8246300,channel1
1344,9583400,channel1
1345,7343800,channel1
1346,5373400,channel1
1347,6506900,channel1
1348,6224000,channel1
1349,7567800,channel1
1350,6942700,channel1
1351,8380100,channel1
1352,9045900,channel1
1353,7014800,channel1
1354,10460600,channel1
1355,10384000,channel1
1356,7335600,channel1
1357,3232500,channel1
1358,4206200,channel1
1359,4611400,channel1
1360,4990800,channel1
1361,4737400,channel1
1362,6029800,channel1
1363,11258700,channel1
1364,12838800,channel1
1365,8104100,channel1
1366,7608400,channel1
1367,8790600,channel1
1368,7294000,channel1
1369,9508300,channel1
1370,8702300,channel1
1371,13290200,channel1
1372,8832000,channel1
1373,10524900,channel1
1374,10793800,channel1
1375,17866600,channel1
1376,23255300,channel1
1377,34907400,channel1
1378,9927200,channel1
1379,12731800,channel1
1380,11889900,channel1
1381,15810900,channel1
1382,9912300,channel1
1383,9746400,channel1
1384,7378300,channel1
1385,5737700,channel1
1386,5421000,channel1
1387,5470800,channel1
1388,5663300,channel1
1389,7457700,channel1
1390,5542800,channel1
1391,9009400,channel1
1392,13476900,channel1
1393,7801400,channel1
1394,6900500,channel1
1395,6665200,channel1
1396,6051500,channel1
1397,4855900,channel1
1398,4598800,channel1
1399,5413500,channel1
1400,8848200,channel1
1401,5240300,channel1
1402,4662500,channel1
1403,5382900,channel1
1404,5780500,channel1
1405,7052400,channel1
1406,6134400,channel1
1407,5252700,channel1
1408,6954600,channel1
1409,4014400,channel1
1410,5289000,channel1
1411,6497300,channel1
1412,4497300,channel1
1413,5858300,channel1
1414,4794000,channel1
1415,9159500,channel1
1416,6150800,channel1
1417,5854900,channel1
1418,8133600,channel1
1419,5590700,channel1
1420,4510300,channel1
1421,3765900,channel1
1422,5773400,channel1
1423,8381400,channel1
1424,5113600,channel1
1425,4372000,channel1
1426,3529200,channel1
1427,6279600,channel1
1428,4888900,channel1
1429,4521300,channel1
1430,5782000,channel1
1431,3988200,channel1
1432,3388800,channel1
1433,4201200,channel1
1434,5815500,channel1
1435,4249000,channel1
1436,4265100,channel1
1437,4861100,channel1
1438,4702400,channel1
1439,4662000,channel1
1440,8739800,channel1
1441,7761700,channel1
1442,5655300,channel1
1443,6331500,channel1
1444,5883200,channel1
1445,3137300,channel1
1446,3474900,channel1
1447,4317100,channel1
1448,5002700,channel1
1449,3973100,channel1
1450,3126500,channel1
1451,3770000,channel1
1452,3506000,channel1
1453,3877200,channel1
1454,4528400,channel1
1455,5406500,channel1
1456,6593600,channel1
1457,6868700,channel1
1458,3537600,channel1
1459,2965700,channel1
1460,4505100,channel1
1461,3734900,channel1
1462,4065900,channel1
1463,7214400,channel1
1464,6532400,channel1
1465,7768800,channel1
1466,6447100,channel1
1467,8645600,channel1
1468,6423000,channel1
1469,6486700,channel1
1470,6448900,channel1
1471,6276500,channel1
1472,5205400,channel1
1473,5522800,channel1
1474,5922300,channel1
1475,3727600,channel1
1476,4894100,channel1
1477,4598200,channel1
1478,7450600,channel1
1479,3791600,channel1
1480,5044600,channel1
1481,4881000,channel1
1482,5506300,channel1
1483,5995500,channel1
1484,5106500,channel1
1485,7612800,channel1
1486,5147200,channel1
1487,4589500,channel1
1488,6684400,channel1
1489,7498800,channel1
1490,5623800,channel1
1491,7005500,channel1
1492,6640600,channel1
1493,5796000,channel1
1494,5486000,channel1
1495,4601500,channel1
1496,4847300,channel1
1497,4656500,channel1
1498,3205100,channel1
1499,3737500,channel1
1500,4578700,channel1
1501,3647900,channel1
1502,3887300,channel1
1503,4821000,channel1
1504,4902200,channel1
1505,4981300,channel1
1506,3842600,channel1
1507,5180300,channel1
1508,4195600,channel1
1509,2854300,channel1
1510,3561900,channel1
1511,4262400,channel1
1512,3233600,channel1
1513,3383300,channel1
1514,4643800,channel1
1515,4858200,channel1
1516,2989700,channel1
1517,2158100,channel1
1518,3622500,channel1
1519,3796800,channel1
1520,3838300,channel1
1521,5062000,channel1
1522,8817900,channel1
1523,13366500,channel1
1524,8199900,channel1
1525,10681500,channel1
1526,8603200,channel1
1527,5513000,channel1
1528,7463100,channel1
1529,8976400,channel1
1530,9125800,channel1
1531,9501700,channel1
1532,12536800,channel1
1533,7393500,channel1
1534,7820900,channel1
1535,6230700,channel1
1536,5707900,channel1
1537,6219600,channel1
1538,6392000,channel1
1539,5159400,channel1
1540,6031100,channel1
1541,11475700,channel1
1542,5613900,channel1
1543,7009300,channel1
1544,4513300,channel1
1545,6840700,channel1
1546,8229200,channel1
1547,9965800,channel1
1548,11377700,channel1
1549,7986700,channel1
1550,10973200,channel1
1551,12348400,channel1
1552,7794100,channel1
1553,8340500,channel1
1554,5794200,channel1
1555,6663200,channel1
1556,9449500,channel1
1557,5557900,channel1
1558,5762000,channel1
1559,4607900,channel1
1560,5966000,channel1
1561,5154200,channel1
1562,5190700,channel1
1563,3805600,channel1
1564,4324900,channel1
1565,5648200,channel1
1566,5619100,channel1
1567,6459200,channel1
1568,4762300,channel1
1569,4037800,channel1
1570,3833000,channel1
1571,5315800,channel1
1572,6131600,channel1
1573,5021300,channel1
1574,4221000,channel1
1575,3776300,channel1
1576,4178100,channel1
1577,4363900,channel1
1578,3832600,channel1
1579,4265300,channel1
1580,5046000,channel1
1581,4331000,channel1
1582,4400600,channel1
1583,4348600,channel1
1584,5147100,channel1
1585,6832600,channel1
1586,6229500,channel1
1587,4708900,channel1
1588,4226100,channel1
1589,4428800,channel1
1590,2403100,channel1
1591,10189900,channel1
1592,5705100,channel1
1593,7931100,channel1
1594,11676300,channel1
1595,8903800,channel1
1596,5385400,channel1
1597,6717000,channel1
1598,5393000,channel1
1599,4995000,channel1
1600,6108100,channel1
1601,5471900,channel1
1602,6226100,channel1
1603,5204200,channel1
1604,4991600,channel1
1605,13094400,channel1
1606,3533200,channel1
1607,2953900,channel1
1608,3171400,channel1
1609,1453100,channel1
1610,2959400,channel1
1611,3280200,channel1
1612,2537700,channel1
1613,2967400,channel1
1614,6006700,channel1
1615,4456400,channel1
1616,6199000,channel1
1617,6243700,channel1
1618,7235300,channel1
1619,6595800,channel1
1620,7578700,channel1
1621,8406300,channel1
1622,8373800,channel1
1623,8823700,channel1
1624,6132200,channel1
1625,9574900,channel1
1626,7603000,channel1
1627,6109100,channel1
1628,5935700,channel1
1629,5197500,channel1
1630,6805000,channel1
1631,6627300,channel1
1632,9184500,channel1
1633,6518400,channel1
1634,5329700,channel1
1635,6785700,channel1
1636,5398600,channel1
1637,4667300,channel1
1638,6543400,channel1
1639,6525300,channel1
1640,4677100,channel1
1641,5578200,channel1
1642,6367900,channel1
1643,5862100,channel1
1644,6271500,channel1
1645,4359000,channel1
1646,5348600,channel1
1647,4191200,channel1
1648,3809700,channel1
1649,4696000,channel1
1650,4595400,channel1
1651,5270000,channel1
1652,8628700,channel1
1653,19393500,channel1
1654,8084200,channel1
1655,5290000,channel1
1656,5303800,channel1
1657,5256700,channel1
1658,4705900,channel1
1659,4071500,channel1
1660,3955700,channel1
1661,4635400,channel1
1662,4465600,channel1
1663,4164800,channel1
1664,3738200,channel1
1665,6614800,channel1
1666,10056700,channel1
1667,5149600,channel1
1668,8397600,channel1
1669,7755300,channel1
1670,3884800,channel1
1671,3838300,channel1
1672,5223900,channel1
1673,3431500,channel1
1674,4528000,channel1
1675,4060300,channel1
1676,7715300,channel1
1677,7164700,channel1
1678,7791000,channel1
1679,4974100,channel1
1680,3579900,channel1
1681,3927400,channel1
1682,3813200,channel1
1683,3723400,channel1
1684,3620600,channel1
1685,4233500,channel1
1686,3519000,channel1
1687,3653900,channel1
1688,4443400,channel1
1689,4213400,channel1
1690,3652100,channel1
1691,4650300,channel1
1692,4979400,channel1
1693,7863900,channel1
1694,7246100,channel1
1695,7610100,channel1
1696,5582100,channel1
1697,3713600,channel1
1698,5153900,channel1
1699,5922900,channel1
1700,4054900,channel1
1701,4005200,channel1
1702,3766800,channel1
1703,3865700,channel1
1704,4720100,channel1
1705,4302900,channel1
1706,4268800,channel1
1707,4481900,channel1
1708,5374900,channel1
1709,5106400,channel1
1710,5196000,channel1
1711,3279900,channel1
1712,4869100,channel1
1713,4487200,channel1
1714,4011500,channel1
1715,5326600,channel1
1716,9514700,channel1
1717,5327100,channel1
1718,8854500,channel1
1719,5343800,channel1
1720,5424400,channel1
1721,5738000,channel1
1722,6077100,channel1
1723,7088800,channel1
1724,4211100,channel1
1725,5395500,channel1
1726,3786400,channel1
1727,6250000,channel1
1728,4013800,channel1
1729,5518200,channel1
1730,4919800,channel1
1731,4925000,channel1
1732,5578000,channel1
1733,5672500,channel1
1734,7485200,channel1
1735,6733300,channel1
1736,6024200,channel1
1737,5121200,channel1
1738,6355600,channel1
1739,4243500,channel1
1740,5601100,channel1
1741,5075900,channel1
1742,4697500,channel1
1743,4398400,channel1
1744,3680800,channel1
1745,4276700,channel1
1746,5534300,channel1
1747,3675200,channel1
1748,4743400,channel1
1749,3276800,channel1
1750,2989800,channel1
1751,2988800,channel1
1752,3871600,channel1
1753,8867100,channel1
1754,3299200,channel1
1755,4561900,channel1
1756,4742700,channel1
1757,2941200,channel1
1758,3416600,channel1
1759,4328600,channel1
1760,3197200,channel1
1761,3966400,channel1
1762,3560900,channel1
1763,3030600,channel1
1764,2871400,channel1
1765,3226100,channel1
1766,2869700,channel1
1767,2919600,channel1
1768,2418800,channel1
1769,3164900,channel1
1770,2593400,channel1
1771,4448200,channel1
1772,4132000,channel1
1773,5405000,channel1
1774,4130300,channel1
1775,3389800,channel1
1776,5287200,channel1
1777,7285300,channel1
1778,6181600,channel1
1779,3740200,channel1
1780,3088500,channel1
1781,5500700,channel1
1782,3116800,channel1
1783,3325300,channel1
1784,4149600,channel1
1785,4756500,channel1
1786,4187500,channel1
1787,5648000,channel1
1788,4529800,channel1
1789,5105500,channel1
1790,4111500,channel1
1791,4702900,channel1
1792,7782000,channel1
1793,4008500,channel1
1794,3874800,channel1
1795,3492500,channel1
1796,4351100,channel1
1797,3509100,channel1
1798,3729600,channel1
1799,3722700,channel1
1800,3208100,channel1
1801,4126000,channel1
1802,5001000,channel1
1803,3205300,channel1
1804,4092700,channel1
1805,2656400,channel1
1806,3057300,channel1
1807,3182400,channel1
1808,2815900,channel1
1809,9865200,channel1
1810,3861400,channel1
1811,4941300,channel1
1812,4042200,channel1
1813,3986800,channel1
1814,3510300,channel1
1815,3485800,channel1
1816,4438600,channel1
1817,4415000,channel1
1818,3777300,channel1
1819,3866600,channel1
1820,4626400,channel1
1821,3307400,channel1
1822,5281300,channel1
1823,6285400,channel1
1824,5663700,channel1
1825,4612500,channel1
1826,5501800,channel1
1827,5584500,channel1
1828,4519200,channel1
1829,4793100,channel1
1830,9800300,channel1
1831,6401700,channel1
1832,5199200,channel1
1833,12327800,channel1
1834,6879000,channel1
1835,4281900,channel1
1836,3792600,channel1
1837,4674200,channel1
1838,7387500,channel1
1839,31140100,channel1
1840,14394400,channel1
1841,3046000,channel1
1842,7525100,channel1
1843,6761000,channel1
1844,11613700,channel1
1845,9619200,channel1
1846,6521600,channel1
1847,8078200,channel1
1848,6504700,channel1
1849,7482100,channel1
1850,9466300,channel1
1851,7160400,channel1
1852,6144800,channel1
1853,6630700,channel1
1854,5439400,channel1
1855,6240300,channel1
1856,9969700,channel1
1857,4585100,channel1
1858,6851500,channel1
1859,7624000,channel1
1860,5846700,channel1
1861,3125000,channel1
1862,3256500,channel1
1863,5581700,channel1
1864,3893500,channel1
1865,5630500,channel1
1866,11125400,channel1
1867,7806800,channel1
1868,6217200,channel1
1869,8985600,channel1
1870,9672000,channel1
1871,7681700,channel1
1872,7475400,channel1
1873,6462600,channel1
1874,5455800,channel1
1875,7084400,channel1
1876,5833000,channel1
1877,6753700,channel1
1878,8898600,channel1
1879,4523400,channel1
1880,6430300,channel1
1881,6171200,channel1
1882,3699400,channel1
1883,4903000,channel1
1884,4372100,channel1
1885,7828200,channel1
1886,5618300,channel1
1887,5357300,channel1
1888,4985900,channel1
1889,3817600,channel1
1890,3898500,channel1
1891,3668200,channel1
1892,4367500,channel1
1893,3427100,channel1
1894,4081600,channel1
1895,3781600,channel1
1896,4244300,channel1
1897,4152500,channel1
1898,9954600,channel1
1899,7313100,channel1
1900,5508000,channel1
1901,4552700,channel1
1902,4489100,channel1
1903,3588800,channel1
1904,3749300,channel1
1905,4996000,channel1
1906,4068800,channel1
1907,2775500,channel1
1908,2681800,channel1
1909,2594900,channel1
1910,4018600,channel1
1911,3478800,channel1
1912,4033900,channel1
1913,3134200,channel1
1914,3591800,channel1
1915,3267100,channel1
1916,6347400,channel1
1917,11360900,channel1
1918,4423800,channel1
1919,5343900,channel1
1920,4419800,channel1
1921,4194800,channel1
1922,3010300,channel1
1923,5272200,channel1
1924,7442300,channel1
1925,5686700,channel1
1926,2420700,channel1
1927,3790000,channel1
1928,3250100,channel1
1929,3097800,channel1
1930,3620600,channel1
1931,3930300,channel1
1932,2515200,channel1
1933,2666900,channel1
1934,2642700,channel1
1935,3551400,channel1
1936,3440900,channel1
1937,2695300,channel1
1938,4543000,channel1
1939,3781700,channel1
1940,5323900,channel1
1941,3582300,channel1
1942,4153900,channel1
1943,4351000,channel1
1944,4445200,channel1
1945,4878100,channel1
1946,3915400,channel1
1947,4325900,channel1
1948,5266100,channel1
1949,3226100,channel1
1950,3669600,channel1
1951,4030100,channel1
1952,3913000,channel1
1953,3819900,channel1
1954,4942600,channel1
1955,3801000,channel1
1956,3013400,channel1
1957,3532100,channel1
1958,4635300,channel1
1959,5861800,channel1
1960,5225600,channel1
1961,4780400,channel1
1962,3912400,channel1
1963,4385600,channel1
1964,6645300,channel1
1965,7210600,channel1
1966,4796900,channel1
1967,4131600,channel1
1968,7439900,channel1
1969,7535300,channel1
1970,6162500,channel1
1971,3243900,channel1
1972,3627100,channel1
1973,3291800,channel1
1974,4159700,channel1
1975,4715100,channel1
1976,8823600,channel1
1977,4459300,channel1
1978,3509200,channel1
1979,2979900,channel1
1980,5436800,channel1
1981,3806600,channel1
1982,3535000,channel1
1983,3549400,channel1
1984,3549400,channel1
1985,6707100,channel1
1986,3491400,channel1
1987,3149600,channel1
1988,3339400,channel1
1989,2888000,channel1
1990,3827900,channel1
1991,2006700,channel1
1992,2892100,channel1
1993,3884900,channel1
1994,2918100,channel1
1995,3062100,channel1
1996,2792900,channel1
1997,2128400,channel1
1998,2306300,channel1
1999,2257800,channel1
2000,9555300,channel1
2001,5505700,channel1
2002,4597000,channel1
2003,4381500,channel1
2004,3523200,channel1
2005,4096000,channel1
2006,5256300,channel1
2007,3331600,channel1
2008,5244900,channel1
2009,4550800,channel1
2010,5452200,channel1
2011,5356100,channel1
2012,4909500,channel1
2013,5944300,channel1
2014,3414700,channel1
2015,3647600,channel1
2016,3825300,channel1
2017,3519300,channel1
2018,3495800,channel1
2019,4302200,channel1
2020,3346800,channel1
2021,2766000,channel1
2022,4376200,channel1
2023,3789000,channel1
2024,4441000,channel1
2025,4691500,channel1
2026,9382100,channel1
2027,8667500,channel1
2028,7365000,channel1
2029,4231200,channel1
2030,4900800,channel1
2031,4130900,channel1
2032,3725800,channel1
2033,5661900,channel1
2034,3133400,channel1
2035,3255800,channel1
2036,3784000,channel1
2037,3387000,channel1
2038,7881000,channel1
2039,5854100,channel1
2040,4073500,channel1
2041,4795100,channel1
2042,4461900,channel1
2043,9563400,channel1
2044,4162500,channel1
2045,5584800,channel1
2046,6384400,channel1
2047,4822000,channel1
2048,4593200,channel1
2049,7151300,channel1
2050,4791000,channel1
2051,4801700,channel1
2052,5536500,channel1
2053,6186200,channel1
2054,4312900,channel1
2055,5866600,channel1
2056,5735200,channel1
2057,6323200,channel1
2058,3248500,channel1
2059,12760100,channel1
2060,7244100,channel1
2061,6442300,channel1
2062,8427000,channel1
2063,5442000,channel1
2064,5392200,channel1
2065,3809600,channel1
2066,4613200,channel1
2067,2765000,channel1
2068,4173800,channel1
2069,4811600,channel1
2070,4462300,channel1
2071,4906500,channel1
2072,7331100,channel1
2073,7744000,channel1
2074,5993800,channel1
2075,4612000,channel1
2076,5136500,channel1
2077,10276700,channel1
2078,6936600,channel1
2079,4027000,channel1
2080,3655100,channel1
2081,4468000,channel1
2082,8803500,channel1
2083,6416400,channel1
2084,4013700,channel1
2085,2701100,channel1
2086,4145400,channel1
2087,4763500,channel1
2088,7098000,channel1
2089,7446700,channel1
2090,11004000,channel1
2091,5303300,channel1
2092,3165600,channel1
2093,6346500,channel1
2094,5773700,channel1
2095,3945500,channel1
2096,5663900,channel1
2097,5992800,channel1
2098,8687800,channel1
2099,5392200,channel1
2100,5192100,channel1
2101,5497500,channel1
2102,4106400,channel1
2103,3501400,channel1
2104,4966500,channel1
2105,4473300,channel1
2106,5000700,channel1
2107,9813100,channel1
2108,5204200,channel1
2109,5096500,channel1
2110,3769400,channel1
2111,4051200,channel1
2112,3187500,channel1
2113,1922500,channel1
2114,2463100,channel1
2115,2859800,channel1
2116,3259900,channel1
2117,4783500,channel1
2118,6879100,channel1
2119,5943200,channel1
2120,7428500,channel1
2121,6117600,channel1
2122,6099900,channel1
2123,3575300,channel1
2124,3930300,channel1
2125,5085900,channel1
2126,5428200,channel1
2127,5449000,channel1
2128,7328600,channel1
2129,7314800,channel1
2130,5926900,channel1
2131,4962300,channel1
2132,5680200,channel1
2133,3947800,channel1
2134,3815100,channel1
2135,3804900,channel1
2136,3881700,channel1
2137,5258300,channel1
2138,4201600,channel1
2139,5564500,channel1
2140,7237200,channel1
2141,10190000,channel1
2142,5929900,channel1
2143,7346100,channel1
2144,6061800,channel1
2145,4314100,channel1
2146,4574600,channel1
2147,5000000,channel1
2148,4002000,channel1
2149,6863500,channel1
2150,11125900,channel1
2151,6805700,channel1
2152,4528200,channel1
2153,5174100,channel1
2154,6201200,channel1
2155,5179400,channel1
2156,6712100,channel1
2157,7946100,channel1
2158,5695900,channel1
2159,5371700,channel1
2160,5338300,channel1
2161,6040200,channel1
2162,6434600,channel1
2163,4659200,channel1
2164,4218700,channel1
2165,4678800,channel1
2166,5182300,channel1
2167,3453700,channel1
2168,9386600,channel1
2169,4601300,channel1
2170,4267000,channel1
2171,4329400,channel1
2172,4455900,channel1
2173,6070300,channel1
2174,6635500,channel1
2175,5458700,channel1
2176,5299700,channel1
2177,6162300,channel1
2178,6409800,channel1
2179,4444000,channel1
2180,4134600,channel1
2181,4183500,channel1
2182,5186000,channel1
2183,4708400,channel1
2184,4718300,channel1
2185,3751500,channel1
2186,3571500,channel1
2187,3997200,channel1
2188,3628300,channel1
2189,4611200,channel1
2190,6131400,channel1
2191,3791900,channel1
2192,3690900,channel1
2193,2735900,channel1
2194,4937200,channel1
2195,3935100,channel1
2196,5155900,channel1
2197,4191500,channel1
2198,6071800,channel1
2199,2986700,channel1
2200,4145500,channel1
2201,4534300,channel1
2202,3563900,channel1
2203,10825200,channel1
2204,7132300,channel1
2205,4934200,channel1
2206,4728100,channel1
2207,4021100,channel1
2208,4244500,channel1
2209,4544900,channel1
2210,4058700,channel1
2211,3542100,channel1
2212,4705500,channel1
2213,3747400,channel1
2214,4593700,channel1
2215,5237600,channel1
2216,8861000,channel1
2217,4685500,channel1
2218,4539500,channel1
2219,4236800,channel1
2220,4816700,channel1
2221,5438300,channel1
2222,4507400,channel1
2223,5409700,channel1
2224,5424600,channel1
2225,5350300,channel1
2226,4566600,channel1
2227,4313000,channel1
2228,4311900,channel1
2229,3735200,channel1
2230,3756400,channel1
2231,6532200,channel1
2232,3002600,channel1
2233,4510200,channel1
2234,4334200,channel1
2235,3404300,channel1
2236,5406100,channel1
2237,5242700,channel1
2238,8009500,channel1
2239,6347900,channel1
2240,3948400,channel1
2241,5082500,channel1
2242,4677100,channel1
2243,3002500,channel1
2244,3148800,channel1
2245,3618100,channel1
2246,3476800,channel1
2247,3489600,channel1
2248,3858300,channel1
2249,3507200,channel1
2250,4441800,channel1
2251,2833200,channel1
2252,5026700,channel1
2253,5015800,channel1
2254,3975000,channel1
2255,4313100,channel1
2256,2953900,channel1
2257,3202900,channel1
2258,3438100,channel1
2259,3884900,channel1
2260,4486600,channel1
2261,4178000,channel1
2262,6244300,channel1
2263,4810200,channel1
2264,3395000,channel1
2265,2611000,channel1
2266,2946100,channel1
2267,3521700,channel1
2268,4692300,channel1
2269,3852100,channel1
2270,3444200,channel1
2271,5030300,channel1
2272,3875300,channel1
2273,4082600,channel1
2274,4190300,channel1
2275,8973200,channel1
2276,6630800,channel1
2277,14732400,channel1
2278,8582500,channel1
2279,6545400,channel1
2280,5332200,channel1
2281,5593300,channel1
2282,5151000,channel1
2283,3809900,channel1
2284,4523700,channel1
2285,4239500,channel1
2286,4448600,channel1
2287,4451800,channel1
2288,4943900,channel1
2289,5664200,channel1
2290,3188000,channel1
2291,3573700,channel1
2292,3667200,channel1
2293,3972800,channel1
2294,3303000,channel1
2295,3989000,channel1
2296,4477200,channel1
2297,3184900,channel1
2298,4337400,channel1
2299,7973700,channel1
2300,5640100,channel1
2301,5694300,channel1
2302,5693900,channel1
2303,4710700,channel1
2304,4430800,channel1
2305,3633000,channel1
2306,3880000,channel1
2307,4449700,channel1
2308,4211200,channel1
2309,4631000,channel1
2310,4650300,channel1
2311,3179100,channel1
2312,5841100,channel1
2313,7177300,channel1
2314,4814700,channel1
2315,4107200,channel1
2316,4982400,channel1
2317,5105500,channel1
2318,4298800,channel1
2319,6750100,channel1
2320,3991300,channel1
2321,5530000,channel1
2322,4918900,channel1
2323,4622300,channel1
2324,6725600,channel1
2325,6266400,channel1
2326,5582200,channel1
2327,8496800,channel1
2328,5213700,channel1
2329,5054100,channel1
2330,3955800,channel1
2331,3927000,channel1
2332,5484100,channel1
2333,5330100,channel1
2334,4306400,channel1
2335,4276800,channel1
2336,4953900,channel1
2337,4291900,channel1
2338,6575200,channel1
2339,7922000,channel1
2340,6780900,channel1
2341,8270800,channel1
2342,6829400,channel1
2343,2560300,channel1
2344,4957600,channel1
2345,6094800,channel1
2346,6589400,channel1
2347,6013900,channel1
2348,6581400,channel1
2349,6258400,channel1
2350,7123000,channel1
2351,8221600,channel1
2352,5902900,channel1
2353,5092500,channel1
2354,4765000,channel1
2355,6047000,channel1
2356,4952900,channel1
2357,6337800,channel1
2358,7224100,channel1
2359,5655200,channel1
2360,7639700,channel1
2361,7693800,channel1
2362,10918500,channel1
2363,3748100,channel1
2364,5816600,channel1
2365,6015400,channel1
2366,4508100,channel1
2367,5436400,channel1
2368,7099100,channel1
2369,6099800,channel1
2370,6275400,channel1
2371,17462700,channel1
2372,14472200,channel1
2373,7894300,channel1
2374,5279200,channel1
2375,5054300,channel1
2376,5294700,channel1
2377,6323400,channel1
2378,5066800,channel1
2379,7521700,channel1
2380,8549300,channel1
2381,6567000,channel1
2382,4642900,channel1
2383,4515400,channel1
2384,5283500,channel1
2385,5143400,channel1
2386,3670600,channel1
2387,5385700,channel1
2388,9536200,channel1
2389,5727400,channel1
2390,4970900,channel1
2391,5640800,channel1
2392,3417400,channel1
2393,4304900,channel1
2394,3982200,channel1
2395,4020000,channel1
2396,3713900,channel1
2397,3483500,channel1
2398,4644100,channel1
2399,5622500,channel1
2400,6891400,channel1
2401,4924800,channel1
2402,4222600,channel1
2403,4551300,channel1
2404,7216800,channel1
2405,4541800,channel1
2406,7327200,channel1
2407,12189600,channel1
2408,8021400,channel1
2409,5620100,channel1
2410,6073900,channel1
2411,4070700,channel1
2412,4876100,channel1
2413,4113900,channel1
2414,4639100,channel1
2415,6149100,channel1
2416,6638200,channel1
2417,5578600,channel1
2418,9493800,channel1
2419,8347700,channel1
2420,5909400,channel1
2421,4772600,channel1
2422,4217000,channel1
2423,4291700,channel1
2424,3336900,channel1
2425,4463300,channel1
2426,4822400,channel1
2427,6534900,channel1
2428,4742700,channel1
2429,4467100,channel1
2430,3684700,channel1
2431,7633200,channel1
2432,6085300,channel1
2433,6211900,channel1
2434,5464500,channel1
2435,4938700,channel1
2436,5031400,channel1
2437,7878900,channel1
2438,7324200,channel1
2439,5815900,channel1
2440,8424600,channel1
2441,9388300,channel1
2442,6798000,channel1
2443,3878400,channel1
2444,6415800,channel1
2445,4389200,channel1
2446,5928200,channel1
2447,3435200,channel1
2448,4069000,channel1
2449,7380700,channel1
2450,4685200,channel1
2451,4761900,channel1
2452,3705100,channel1
2453,5504700,channel1
2454,6455600,channel1
2455,4556400,channel1
2456,6844200,channel1
2457,4239900,channel1
2458,3823500,channel1
2459,3194600,channel1
2460,3696200,channel1
2461,5013100,channel1
2462,4735800,channel1
2463,4677400,channel1
2464,6403400,channel1
2465,7391300,channel1
2466,12993200,channel1
2467,7341200,channel1
2468,8852200,channel1
2469,5830300,channel1
2470,4400700,channel1
2471,5949900,channel1
2472,8489100,channel1
2473,6871300,channel1
2474,7867800,channel1
2475,6495100,channel1
2476,4848500,channel1
2477,3975900,channel1
2478,3621500,channel1
2479,3108800,channel1
2480,4281400,channel1
2481,3056900,channel1
2482,2749500,channel1
2483,3654000,channel1
2484,4307100,channel1
2485,4887200,channel1
2486,7027600,channel1
2487,4037900,channel1
2488,4416100,channel1
2489,4315000,channel1
2490,7428000,channel1
2491,5539400,channel1
2492,3326900,channel1
2493,3380300,channel1
2494,2326000,channel1
2495,2319800,channel1
2496,4384800,channel1
2497,5665300,channel1
2498,3482100,channel1
2499,3981500,channel1
2500,3545600,channel1
2501,3075700,channel1
2502,3632800,channel1
2503,5579100,channel1
2504,3922900,channel1
2505,5292400,channel1
2506,3061400,channel1
2507,3304500,channel1
2508,3429900,channel1
2509,3007500,channel1
2510,3515600,channel1
2511,3131300,channel1
2512,3892300,channel1
2513,6937100,channel1
2514,4287800,channel1
2515,3632200,channel1
2516,4598700,channel1
2517,4786400,channel1
2518,3954100,channel1
2519,4951200,channel1
2520,6602100,channel1
2521,2486500,channel1
2522,3687500,channel1
2523,4715100,channel1
2524,4366000,channel1
2525,4758100,channel1
2526,6106800,channel1
2527,11295400,channel1
2528,6549300,channel1
2529,4402600,channel1
2530,5316000,channel1
2531,3092600,channel1
2532,4429500,channel1
2533,3924300,channel1
2534,3992900,channel1
2535,3776500,channel1
2536,4360100,channel1
2537,4320900,channel1
2538,4148200,channel1
2539,4484900,channel1
2540,4652700,channel1
2541,5063900,channel1
2542,6209100,channel1
2543,5203200,channel1
2544,6828600,channel1
2545,3402100,channel1
2546,4290900,channel1
2547,5486000,channel1
2548,3646400,channel1
2549,7342900,channel1
2550,3268200,channel1
2551,6023400,channel1
2552,6715100,channel1
2553,4042500,channel1
2554,3111800,channel1
2555,3627500,channel1
2556,3539600,channel1
2557,4413800,channel1
2558,2955200,channel1
2559,3421500,channel1
2560,3991000,channel1
2561,4633800,channel1
2562,2901200,channel1
2563,2797200,channel1
2564,3652800,channel1
2565,1906900,channel1
2566,2720500,channel1
2567,2986200,channel1
2568,2332700,channel1
2569,3155100,channel1
2570,4169000,channel1
2571,6141000,channel1
2572,4543500,channel1
2573,3482500,channel1
2574,2671900,channel1
2575,2651100,channel1
2576,3587000,channel1
2577,3064900,channel1
2578,3999200,channel1
2579,3844200,channel1
2580,3524800,channel1
2581,4135600,channel1
2582,3654000,channel1
2583,2630200,channel1
2584,2312800,channel1
2585,3090400,channel1
2586,2413500,channel1
2587,2230800,channel1
2588,3400600,channel1
2589,6223500,channel1
2590,7547200,channel1
2591,7542100,channel1
2592,6029500,channel1
2593,7026200,channel1
2594,5567600,channel1
2595,5652600,channel1
2596,9385400,channel1
2597,3367200,channel1
2598,2786600,channel1
2599,3429800,channel1
2600,3573500,channel1
2601,3003400,channel1
2602,3205700,channel1
2603,3623000,channel1
2604,3403400,channel1
2605,3850700,channel1
2606,2897200,channel1
2607,3741400,channel1
2608,4180300,channel1
2609,4304000,channel1
2610,3864300,channel1
2611,4895100,channel1
2612,5116600,channel1
2613,10323900,channel1
2614,3726500,channel1
2615,1281400,channel1
2616,2942500,channel1
2617,2458900,channel1
2618,2112800,channel1
2619,2806400,channel1
2620,3917000,channel1
2621,2764600,channel1
2622,3332000,channel1
2623,4443800,channel1
2624,5482800,channel1
2625,5120900,channel1
2626,3180900,channel1
2627,3367100,channel1
2628,5694200,channel1
2629,3683200,channel1
2630,4019400,channel1
2631,4906100,channel1
2632,5596900,channel1
2633,4169400,channel1
2634,4125900,channel1
2635,3382500,channel1
2636,4192100,channel1
2637,3422700,channel1
2638,3019500,channel1
2639,5056200,channel1
2640,6067800,channel1
2641,5618400,channel1
2642,4000300,channel1
2643,3811000,channel1
2644,3763700,channel1
2645,3946900,channel1
2646,4056800,channel1
2647,3959300,channel1
2648,7629200,channel1
2649,5639900,channel1
2650,3815600,channel1
2651,12050300,channel1
2652,5198400,channel1
2653,4914900,channel1
2654,5493800,channel1
2655,5334300,channel1
2656,7074400,channel1
2657,5426300,channel1
2658,7263500,channel1
2659,11689000,channel1
2660,8358000,channel1
2661,8371600,channel1
2662,8935200,channel1
2663,5881600,channel1
2664,6843100,channel1
2665,9053800,channel1
2666,9725800,channel1
2667,7893800,channel1
2668,11417400,channel1
2669,13456400,channel1
2670,10210000,channel1
2671,11584600,channel1
2672,10468300,channel1
2673,11112000,channel1
2674,11355200,channel1
2675,11494600,channel1
2676,9955900,channel1
2677,16273700,channel1
2678,12537800,channel1
2679,10665800,channel1
2680,8248200,channel1
2681,14088100,channel1
2682,8110000,channel1
2683,7152600,channel1
2684,5625700,channel1
2685,8952300,channel1
2686,7688400,channel1
2687,7655400,channel1
2688,8080500,channel1
2689,5355500,channel1
2690,5013600,channel1
2691,7727300,channel1
2692,7944400,channel1
2693,9559900,channel1
2694,4729700,channel1
2695,5472900,channel1
2696,7696500,channel1
2697,5854900,channel1
2698,4631500,channel1
2699,5019000,channel1
2700,4501000,channel1
2701,5393600,channel1
2702,5496300,channel1
2703,4172000,channel1
2704,4717600,channel1
2705,4200200,channel1
2706,3605900,channel1
2707,4403500,channel1
2708,4278500,channel1
2709,3490400,channel1
2710,4411800,channel1
2711,7111000,channel1
2712,6355800,channel1
2713,8591500,channel1
2714,7047500,channel1
2715,4801700,channel1
2716,4270900,channel1
2717,7021400,channel1
2718,6518300,channel1
2719,7086300,channel1
2720,6163700,channel1
2721,5444200,channel1
2722,8961700,channel1
2723,4860000,channel1
2724,8363300,channel1
2725,7508900,channel1
2726,8785200,channel1
2727,10060400,channel1
2728,6929600,channel1
2729,5622500,channel1
2730,6098300,channel1
2731,8829600,channel1
2732,7333400,channel1
1,0,label
2,0,label
3,0,label
4,0,label
5,0,label
6,0,label
7,0,label
8,0,label
9,0,label
10,0,label
11,0,label
12,0,label
13,0,label
14,0,label
15,0,label
16,0,label
17,0,label
18,0,label
19,0,label
20,0,label
21,0,label
22,0,label
23,0,label
24,0,label
25,0,label
26,0,label
27,0,label
28,0,label
29,0,label
30,0,label
31,0,label
32,0,label
33,0,label
34,0,label
35,0,label
36,0,label
37,0,label
38,0,label
39,0,label
40,0,label
41,0,label
42,0,label
43,0,label
44,0,label
45,0,label
46,0,label
47,0,label
48,0,label
49,0,label
50,0,label
51,0,label
52,0,label
53,0,label
54,0,label
55,0,label
56,0,label
57,0,label
58,0,label
59,0,label
60,0,label
61,0,label
62,0,label
63,0,label
64,0,label
65,0,label
66,0,label
67,0,label
68,0,label
69,0,label
70,0,label
71,0,label
72,0,label
73,0,label
74,0,label
75,0,label
76,0,label
77,0,label
78,0,label
79,0,label
80,0,label
81,0,label
82,0,label
83,0,label
84,0,label
85,0,label
86,0,label
87,0,label
88,0,label
89,0,label
90,0,label
91,0,label
92,0,label
93,0,label
94,0,label
95,0,label
96,0,label
97,0,label
98,0,label
99,0,label
100,0,label
101,0,label
102,0,label
103,0,label
104,0,label
105,0,label
106,0,label
107,0,label
108,0,label
109,0,label
110,0,label
111,0,label
112,0,label
113,0,label
114,0,label
115,0,label
116,0,label
117,0,label
118,0,label
119,0,label
120,0,label
121,0,label
122,0,label
123,0,label
124,0,label
125,0,label
126,0,label
127,0,label
128,0,label
129,0,label
130,0,label
131,0,label
132,0,label
133,0,label
134,0,label
135,0,label
136,0,label
137,0,label
138,0,label
139,0,label
140,0,label
141,0,label
142,0,label
143,0,label
144,0,label
145,0,label
146,0,label
147,0,label
148,0,label
149,0,label
150,0,label
151,0,label
152,0,label
153,0,label
154,0,label
155,0,label
156,0,label
157,0,label
158,0,label
159,0,label
160,0,label
161,0,label
162,0,label
163,0,label
164,0,label
165,0,label
166,0,label
167,0,label
168,0,label
169,0,label
170,0,label
171,0,label
172,0,label
173,0,label
174,0,label
175,0,label
176,0,label
177,0,label
178,0,label
179,0,label
180,0,label
181,0,label
182,0,label
183,0,label
184,0,label
185,0,label
186,0,label
187,0,label
188,0,label
189,0,label
190,0,label
191,0,label
192,0,label
193,0,label
194,0,label
195,0,label
196,0,label
197,0,label
198,0,label
199,0,label
200,0,label
201,0,label
202,0,label
203,0,label
204,0,label
205,0,label
206,0,label
207,0,label
208,0,label
209,0,label
210,0,label
211,0,label
212,0,label
213,0,label
214,0,label
215,0,label
216,0,label
217,0,label
218,0,label
219,0,label
220,0,label
221,0,label
222,0,label
223,0,label
224,0,label
225,0,label
226,0,label
227,0,label
228,0,label
229,0,label
230,0,label
231,0,label
232,0,label
233,0,label
234,0,label
235,0,label
236,0,label
237,0,label
238,0,label
239,0,label
240,0,label
241,0,label
242,0,label
243,0,label
244,0,label
245,0,label
246,0,label
247,0,label
248,0,label
249,0,label
250,0,label
251,0,label
252,0,label
253,0,label
254,0,label
255,0,label
256,0,label
257,0,label
258,0,label
259,0,label
260,0,label
261,0,label
262,0,label
263,0,label
264,0,label
265,0,label
266,0,label
267,0,label
268,0,label
269,0,label
270,0,label
271,0,label
272,0,label
273,0,label
274,0,label
275,0,label
276,0,label
277,0,label
278,0,label
279,0,label
280,0,label
281,0,label
282,0,label
283,0,label
284,0,label
285,0,label
286,0,label
287,0,label
288,0,label
289,0,label
290,0,label
291,0,label
292,0,label
293,0,label
294,0,label
295,0,label
296,0,label
297,0,label
298,0,label
299,0,label
300,0,label
301,0,label
302,0,label
303,0,label
304,0,label
305,0,label
306,0,label
307,0,label
308,0,label
309,0,label
310,0,label
311,0,label
312,0,label
313,0,label
314,0,label
315,0,label
316,0,label
317,0,label
318,0,label
319,0,label
320,0,label
321,0,label
322,0,label
323,0,label
324,0,label
325,0,label
326,0,label
327,0,label
328,0,label
329,0,label
330,0,label
331,0,label
332,0,label
333,0,label
334,0,label
335,0,label
336,0,label
337,0,label
338,0,label
339,0,label
340,0,label
341,0,label
342,0,label
343,0,label
344,0,label
345,0,label
346,0,label
347,0,label
348,0,label
349,0,label
350,0,label
351,0,label
352,0,label
353,0,label
354,0,label
355,0,label
356,0,label
357,0,label
358,0,label
359,0,label
360,0,label
361,0,label
362,0,label
363,0,label
364,0,label
365,0,label
366,0,label
367,0,label
368,0,label
369,0,label
370,0,label
371,0,label
372,0,label
373,0,label
374,0,label
375,0,label
376,0,label
377,0,label
378,0,label
379,0,label
380,0,label
381,0,label
382,0,label
383,0,label
384,0,label
385,0,label
386,0,label
387,0,label
388,0,label
389,0,label
390,0,label
391,0,label
392,0,label
393,0,label
394,0,label
395,0,label
396,0,label
397,0,label
398,0,label
399,0,label
400,0,label
401,0,label
402,0,label
403,0,label
404,0,label
405,0,label
406,0,label
407,0,label
408,0,label
409,0,label
410,0,label
411,0,label
412,0,label
413,0,label
414,0,label
415,0,label
416,0,label
417,0,label
418,0,label
419,0,label
420,0,label
421,0,label
422,0,label
423,0,label
424,0,label
425,0,label
426,0,label
427,0,label
428,0,label
429,0,label
430,0,label
431,0,label
432,0,label
433,0,label
434,0,label
435,0,label
436,0,label
437,0,label
438,0,label
439,0,label
440,0,label
441,0,label
442,0,label
443,0,label
444,0,label
445,0,label
446,0,label
447,0,label
448,0,label
449,0,label
450,0,label
451,0,label
452,0,label
453,0,label
454,0,label
455,0,label
456,0,label
457,0,label
458,0,label
459,0,label
460,0,label
461,0,label
462,0,label
463,0,label
464,0,label
465,0,label
466,0,label
467,0,label
468,0,label
469,0,label
470,0,label
471,0,label
472,0,label
473,0,label
474,0,label
475,0,label
476,0,label
477,0,label
478,0,label
479,0,label
480,0,label
481,0,label
482,0,label
483,0,label
484,0,label
485,0,label
486,0,label
487,0,label
488,0,label
489,0,label
490,0,label
491,0,label
492,0,label
493,0,label
494,0,label
495,0,label
496,0,label
497,0,label
498,0,label
499,0,label
500,0,label
501,0,label
502,0,label
503,0,label
504,0,label
505,0,label
506,0,label
507,0,label
508,0,label
509,0,label
510,0,label
511,0,label
512,0,label
513,0,label
514,0,label
515,0,label
516,0,label
517,0,label
518,0,label
519,0,label
520,0,label
521,0,label
522,0,label
523,0,label
524,0,label
525,0,label
526,0,label
527,0,label
528,0,label
529,0,label
530,0,label
531,0,label
532,0,label
533,0,label
534,0,label
535,0,label
536,0,label
537,0,label
538,0,label
539,0,label
540,0,label
541,0,label
542,0,label
543,0,label
544,0,label
545,0,label
546,0,label
547,0,label
548,0,label
549,0,label
550,0,label
551,0,label
552,0,label
553,0,label
554,0,label
555,0,label
556,0,label
557,0,label
558,0,label
559,0,label
560,0,label
561,0,label
562,0,label
563,0,label
564,0,label
565,0,label
566,0,label
567,0,label
568,0,label
569,0,label
570,0,label
571,0,label
572,0,label
573,0,label
574,0,label
575,0,label
576,0,label
577,0,label
578,0,label
579,0,label
580,0,label
581,0,label
582,0,label
583,0,label
584,0,label
585,0,label
586,0,label
587,0,label
588,0,label
589,0,label
590,0,label
591,0,label
592,0,label
593,0,label
594,0,label
595,0,label
596,0,label
597,0,label
598,0,label
599,0,label
600,0,label
601,0,label
602,0,label
603,0,label
604,0,label
605,0,label
606,0,label
607,0,label
608,0,label
609,0,label
610,0,label
611,0,label
612,0,label
613,0,label
614,0,label
615,0,label
616,0,label
617,0,label
618,0,label
619,0,label
620,0,label
621,0,label
622,0,label
623,0,label
624,0,label
625,0,label
626,0,label
627,0,label
628,0,label
629,0,label
630,0,label
631,0,label
632,0,label
633,0,label
634,0,label
635,0,label
636,0,label
637,0,label
638,0,label
639,0,label
640,0,label
641,0,label
642,0,label
643,0,label
644,0,label
645,0,label
646,0,label
647,0,label
648,0,label
649,0,label
650,0,label
651,0,label
652,0,label
653,0,label
654,0,label
655,0,label
656,0,label
657,0,label
658,0,label
659,0,label
660,0,label
661,0,label
662,0,label
663,0,label
664,0,label
665,0,label
666,0,label
667,0,label
668,0,label
669,0,label
670,0,label
671,0,label
672,0,label
673,0,label
674,0,label
675,0,label
676,0,label
677,0,label
678,0,label
679,0,label
680,0,label
681,0,label
682,0,label
683,0,label
684,0,label
685,0,label
686,0,label
687,0,label
688,0,label
689,0,label
690,0,label
691,0,label
692,0,label
693,0,label
694,0,label
695,0,label
696,0,label
697,0,label
698,0,label
699,0,label
700,0,label
701,0,label
702,0,label
703,0,label
704,0,label
705,0,label
706,0,label
707,0,label
708,0,label
709,0,label
710,0,label
711,0,label
712,0,label
713,0,label
714,0,label
715,0,label
716,0,label
717,0,label
718,0,label
719,0,label
720,0,label
721,0,label
722,0,label
723,0,label
724,0,label
725,0,label
726,0,label
727,0,label
728,0,label
729,0,label
730,0,label
731,0,label
732,0,label
733,0,label
734,0,label
735,0,label
736,0,label
737,0,label
738,0,label
739,0,label
740,0,label
741,0,label
742,0,label
743,0,label
744,0,label
745,0,label
746,0,label
747,0,label
748,0,label
749,0,label
750,0,label
751,0,label
752,0,label
753,0,label
754,0,label
755,0,label
756,0,label
757,0,label
758,0,label
759,0,label
760,0,label
761,0,label
762,0,label
763,0,label
764,0,label
765,0,label
766,0,label
767,0,label
768,0,label
769,0,label
770,0,label
771,0,label
772,0,label
773,0,label
774,0,label
775,0,label
776,0,label
777,0,label
778,0,label
779,0,label
780,0,label
781,0,label
782,0,label
783,0,label
784,0,label
785,0,label
786,0,label
787,0,label
788,0,label
789,0,label
790,0,label
791,0,label
792,0,label
793,0,label
794,0,label
795,0,label
796,0,label
797,0,label
798,0,label
799,0,label
800,0,label
801,0,label
802,0,label
803,0,label
804,0,label
805,0,label
806,0,label
807,0,label
808,0,label
809,0,label
810,0,label
811,0,label
812,0,label
813,0,label
814,0,label
815,0,label
816,0,label
817,0,label
818,0,label
819,0,label
820,0,label
821,0,label
822,0,label
823,0,label
824,0,label
825,0,label
826,0,label
827,0,label
828,0,label
829,0,label
830,0,label
831,0,label
832,0,label
833,0,label
834,0,label
835,0,label
836,0,label
837,0,label
838,0,label
839,0,label
840,0,label
841,0,label
842,0,label
843,0,label
844,0,label
845,0,label
846,0,label
847,0,label
848,0,label
849,0,label
850,0,label
851,0,label
852,0,label
853,0,label
854,0,label
855,0,label
856,0,label
857,0,label
858,0,label
859,0,label
860,0,label
861,0,label
862,0,label
863,0,label
864,0,label
865,0,label
866,0,label
867,0,label
868,0,label
869,0,label
870,0,label
871,0,label
872,0,label
873,0,label
874,0,label
875,0,label
876,0,label
877,0,label
878,0,label
879,0,label
880,0,label
881,0,label
882,0,label
883,0,label
884,0,label
885,0,label
886,0,label
887,0,label
888,0,label
889,0,label
890,0,label
891,0,label
892,0,label
893,0,label
894,0,label
895,0,label
896,0,label
897,0,label
898,0,label
899,0,label
900,0,label
901,0,label
902,0,label
903,0,label
904,0,label
905,0,label
906,0,label
907,0,label
908,0,label
909,0,label
910,0,label
911,0,label
912,0,label
913,0,label
914,0,label
915,0,label
916,0,label
917,0,label
918,0,label
919,0,label
920,0,label
921,0,label
922,0,label
923,0,label
924,0,label
925,0,label
926,0,label
927,0,label
928,0,label
929,0,label
930,0,label
931,0,label
932,0,label
933,0,label
934,0,label
935,0,label
936,0,label
937,0,label
938,0,label
939,0,label
940,0,label
941,0,label
942,0,label
943,0,label
944,0,label
945,0,label
946,0,label
947,0,label
948,0,label
949,0,label
950,0,label
951,0,label
952,0,label
953,0,label
954,0,label
955,0,label
956,0,label
957,0,label
958,0,label
959,0,label
960,0,label
961,0,label
962,0,label
963,0,label
964,0,label
965,0,label
966,0,label
967,0,label
968,0,label
969,0,label
970,0,label
971,0,label
972,0,label
973,0,label
974,0,label
975,0,label
976,0,label
977,0,label
978,0,label
979,0,label
980,0,label
981,0,label
982,0,label
983,0,label
984,0,label
985,0,label
986,0,label
987,0,label
988,0,label
989,0,label
990,0,label
991,0,label
992,0,label
993,0,label
994,0,label
995,0,label
996,0,label
997,0,label
998,0,label
999,0,label
1000,0,label
1001,0,label
1002,0,label
1003,0,label
1004,0,label
1005,0,label
1006,0,label
1007,0,label
1008,0,label
1009,0,label
1010,0,label
1011,0,label
1012,0,label
1013,0,label
1014,0,label
1015,0,label
1016,0,label
1017,0,label
1018,0,label
1019,0,label
1020,0,label
1021,0,label
1022,0,label
1023,0,label
1024,0,label
1025,0,label
1026,0,label
1027,0,label
1028,0,label
1029,0,label
1030,0,label
1031,0,label
1032,0,label
1033,0,label
1034,0,label
1035,0,label
1036,0,label
1037,0,label
1038,0,label
1039,0,label
1040,0,label
1041,0,label
1042,0,label
1043,0,label
1044,0,label
1045,0,label
1046,0,label
1047,0,label
1048,0,label
1049,0,label
1050,0,label
1051,0,label
1052,0,label
1053,0,label
1054,0,label
1055,0,label
1056,0,label
1057,0,label
1058,0,label
1059,0,label
1060,0,label
1061,0,label
1062,0,label
1063,0,label
1064,0,label
1065,0,label
1066,0,label
1067,0,label
1068,0,label
1069,0,label
1070,0,label
1071,0,label
1072,0,label
1073,0,label
1074,0,label
1075,0,label
1076,0,label
1077,0,label
1078,0,label
1079,0,label
1080,0,label
1081,0,label
1082,0,label
1083,0,label
1084,0,label
1085,0,label
1086,0,label
1087,0,label
1088,0,label
1089,0,label
1090,0,label
1091,0,label
1092,0,label
1093,0,label
1094,0,label
1095,0,label
1096,0,label
1097,0,label
1098,0,label
1099,0,label
1100,0,label
1101,0,label
1102,0,label
1103,0,label
1104,0,label
1105,0,label
1106,0,label
1107,0,label
1108,0,label
1109,0,label
1110,0,label
1111,0,label
1112,0,label
1113,0,label
1114,0,label
1115,0,label
1116,0,label
1117,0,label
1118,0,label
1119,0,label
1120,0,label
1121,0,label
1122,0,label
1123,0,label
1124,0,label
1125,0,label
1126,0,label
1127,0,label
1128,0,label
1129,0,label
1130,0,label
1131,0,label
1132,0,label
1133,0,label
1134,0,label
1135,0,label
1136,0,label
1137,0,label
1138,0,label
1139,0,label
1140,0,label
1141,0,label
1142,0,label
1143,0,label
1144,0,label
1145,0,label
1146,0,label
1147,0,label
1148,0,label
1149,0,label
1150,0,label
1151,0,label
1152,0,label
1153,0,label
1154,0,label
1155,0,label
1156,0,label
1157,0,label
1158,0,label
1159,0,label
1160,0,label
1161,0,label
1162,0,label
1163,0,label
1164,0,label
1165,0,label
1166,0,label
1167,0,label
1168,0,label
1169,0,label
1170,0,label
1171,0,label
1172,0,label
1173,0,label
1174,0,label
1175,0,label
1176,0,label
1177,0,label
1178,0,label
1179,0,label
1180,0,label
1181,0,label
1182,0,label
1183,0,label
1184,0,label
1185,0,label
1186,0,label
1187,0,label
1188,0,label
1189,0,label
1190,0,label
1191,0,label
1192,0,label
1193,0,label
1194,0,label
1195,0,label
1196,0,label
1197,0,label
1198,0,label
1199,0,label
1200,0,label
1201,0,label
1202,0,label
1203,0,label
1204,0,label
1205,0,label
1206,0,label
1207,0,label
1208,0,label
1209,0,label
1210,0,label
1211,0,label
1212,0,label
1213,0,label
1214,0,label
1215,0,label
1216,0,label
1217,0,label
1218,0,label
1219,0,label
1220,0,label
1221,0,label
1222,0,label
1223,0,label
1224,0,label
1225,0,label
1226,0,label
1227,0,label
1228,0,label
1229,0,label
1230,0,label
1231,0,label
1232,0,label
1233,0,label
1234,0,label
1235,0,label
1236,0,label
1237,0,label
1238,0,label
1239,0,label
1240,0,label
1241,0,label
1242,0,label
1243,0,label
1244,0,label
1245,0,label
1246,0,label
1247,0,label
1248,0,label
1249,0,label
1250,0,label
1251,0,label
1252,0,label
1253,0,label
1254,0,label
1255,0,label
1256,0,label
1257,0,label
1258,0,label
1259,0,label
1260,0,label
1261,0,label
1262,0,label
1263,0,label
1264,0,label
1265,0,label
1266,0,label
1267,0,label
1268,0,label
1269,0,label
1270,0,label
1271,0,label
1272,0,label
1273,0,label
1274,0,label
1275,0,label
1276,0,label
1277,0,label
1278,0,label
1279,0,label
1280,0,label
1281,0,label
1282,0,label
1283,0,label
1284,0,label
1285,0,label
1286,0,label
1287,0,label
1288,0,label
1289,0,label
1290,0,label
1291,0,label
1292,0,label
1293,0,label
1294,0,label
1295,0,label
1296,0,label
1297,0,label
1298,0,label
1299,0,label
1300,0,label
1301,0,label
1302,0,label
1303,0,label
1304,0,label
1305,0,label
1306,0,label
1307,0,label
1308,0,label
1309,0,label
1310,0,label
1311,0,label
1312,0,label
1313,0,label
1314,0,label
1315,0,label
1316,0,label
1317,0,label
1318,0,label
1319,0,label
1320,0,label
1321,0,label
1322,0,label
1323,0,label
1324,0,label
1325,0,label
1326,0,label
1327,0,label
1328,0,label
1329,0,label
1330,0,label
1331,0,label
1332,0,label
1333,0,label
1334,0,label
1335,0,label
1336,0,label
1337,0,label
1338,0,label
1339,0,label
1340,0,label
1341,0,label
1342,0,label
1343,0,label
1344,0,label
1345,0,label
1346,0,label
1347,0,label
1348,0,label
1349,0,label
1350,0,label
1351,0,label
1352,0,label
1353,0,label
1354,0,label
1355,0,label
1356,0,label
1357,0,label
1358,0,label
1359,0,label
1360,0,label
1361,0,label
1362,0,label
1363,0,label
1364,0,label
1365,0,label
1366,0,label
1367,0,label
1368,0,label
1369,0,label
1370,0,label
1371,0,label
1372,0,label
1373,0,label
1374,0,label
1375,0,label
1376,0,label
1377,0,label
1378,0,label
1379,0,label
1380,0,label
1381,0,label
1382,0,label
1383,0,label
1384,0,label
1385,0,label
1386,0,label
1387,0,label
1388,0,label
1389,0,label
1390,0,label
1391,0,label
1392,0,label
1393,0,label
1394,0,label
1395,0,label
1396,0,label
1397,0,label
1398,0,label
1399,0,label
1400,0,label
1401,0,label
1402,0,label
1403,0,label
1404,0,label
1405,0,label
1406,0,label
1407,0,label
1408,0,label
1409,0,label
1410,0,label
1411,0,label
1412,0,label
1413,0,label
1414,0,label
1415,0,label
1416,0,label
1417,0,label
1418,0,label
1419,0,label
1420,0,label
1421,0,label
1422,0,label
1423,0,label
1424,0,label
1425,0,label
1426,0,label
1427,0,label
1428,0,label
1429,0,label
1430,0,label
1431,0,label
1432,0,label
1433,0,label
1434,0,label
1435,0,label
1436,0,label
1437,0,label
1438,0,label
1439,0,label
1440,0,label
1441,0,label
1442,0,label
1443,0,label
1444,0,label
1445,0,label
1446,0,label
1447,0,label
1448,0,label
1449,0,label
1450,0,label
1451,0,label
1452,0,label
1453,0,label
1454,0,label
1455,0,label
1456,0,label
1457,0,label
1458,0,label
1459,0,label
1460,0,label
1461,0,label
1462,0,label
1463,0,label
1464,0,label
1465,0,label
1466,0,label
1467,0,label
1468,0,label
1469,0,label
1470,0,label
1471,0,label
1472,0,label
1473,0,label
1474,0,label
1475,0,label
1476,0,label
1477,0,label
1478,0,label
1479,0,label
1480,0,label
1481,0,label
1482,0,label
1483,0,label
1484,0,label
1485,0,label
1486,0,label
1487,0,label
1488,0,label
1489,0,label
1490,0,label
1491,0,label
1492,0,label
1493,0,label
1494,0,label
1495,0,label
1496,0,label
1497,0,label
1498,0,label
1499,0,label
1500,0,label
1501,0,label
1502,0,label
1503,0,label
1504,0,label
1505,0,label
1506,0,label
1507,0,label
1508,0,label
1509,0,label
1510,0,label
1511,0,label
1512,0,label
1513,0,label
1514,0,label
1515,0,label
1516,0,label
1517,0,label
1518,0,label
1519,0,label
1520,0,label
1521,0,label
1522,0,label
1523,0,label
1524,0,label
1525,0,label
1526,0,label
1527,0,label
1528,0,label
1529,0,label
1530,0,label
1531,0,label
1532,0,label
1533,0,label
1534,0,label
1535,0,label
1536,0,label
1537,0,label
1538,0,label
1539,0,label
1540,0,label
1541,0,label
1542,0,label
1543,0,label
1544,0,label
1545,0,label
1546,0,label
1547,0,label
1548,0,label
1549,0,label
1550,0,label
1551,0,label
1552,0,label
1553,0,label
1554,0,label
1555,0,label
1556,0,label
1557,0,label
1558,0,label
1559,0,label
1560,0,label
1561,0,label
1562,0,label
1563,0,label
1564,0,label
1565,0,label
1566,0,label
1567,0,label
1568,0,label
1569,0,label
1570,0,label
1571,0,label
1572,0,label
1573,0,label
1574,0,label
1575,0,label
1576,0,label
1577,0,label
1578,0,label
1579,0,label
1580,0,label
1581,0,label
1582,0,label
1583,0,label
1584,0,label
1585,0,label
1586,0,label
1587,0,label
1588,0,label
1589,0,label
1590,0,label
1591,0,label
1592,0,label
1593,0,label
1594,0,label
1595,0,label
1596,0,label
1597,0,label
1598,0,label
1599,0,label
1600,0,label
1601,0,label
1602,0,label
1603,0,label
1604,0,label
1605,0,label
1606,0,label
1607,0,label
1608,0,label
1609,0,label
1610,0,label
1611,0,label
1612,0,label
1613,0,label
1614,0,label
1615,0,label
1616,0,label
1617,0,label
1618,0,label
1619,0,label
1620,0,label
1621,0,label
1622,0,label
1623,0,label
1624,0,label
1625,0,label
1626,0,label
1627,0,label
1628,0,label
1629,0,label
1630,0,label
1631,0,label
1632,0,label
1633,0,label
1634,0,label
1635,0,label
1636,0,label
1637,0,label
1638,0,label
1639,0,label
1640,0,label
1641,0,label
1642,0,label
1643,0,label
1644,0,label
1645,0,label
1646,0,label
1647,0,label
1648,0,label
1649,0,label
1650,0,label
1651,0,label
1652,0,label
1653,0,label
1654,0,label
1655,0,label
1656,0,label
1657,0,label
1658,0,label
1659,0,label
1660,0,label
1661,0,label
1662,0,label
1663,0,label
1664,0,label
1665,0,label
1666,0,label
1667,0,label
1668,0,label
1669,0,label
1670,0,label
1671,0,label
1672,0,label
1673,0,label
1674,0,label
1675,0,label
1676,0,label
1677,0,label
1678,0,label
1679,0,label
1680,0,label
1681,0,label
1682,0,label
1683,0,label
1684,0,label
1685,0,label
1686,0,label
1687,0,label
1688,0,label
1689,0,label
1690,0,label
1691,0,label
1692,0,label
1693,0,label
1694,0,label
1695,0,label
1696,0,label
1697,0,label
1698,0,label
1699,0,label
1700,0,label
1701,0,label
1702,0,label
1703,0,label
1704,0,label
1705,0,label
1706,0,label
1707,0,label
1708,0,label
1709,0,label
1710,0,label
1711,0,label
1712,0,label
1713,0,label
1714,0,label
1715,0,label
1716,0,label
1717,0,label
1718,0,label
1719,0,label
1720,0,label
1721,0,label
1722,0,label
1723,0,label
1724,0,label
1725,0,label
1726,0,label
1727,0,label
1728,0,label
1729,0,label
1730,0,label
1731,0,label
1732,0,label
1733,0,label
1734,0,label
1735,0,label
1736,0,label
1737,0,label
1738,0,label
1739,0,label
1740,0,label
1741,0,label
1742,0,label
1743,0,label
1744,0,label
1745,0,label
1746,0,label
1747,0,label
1748,0,label
1749,0,label
1750,0,label
1751,0,label
1752,0,label
1753,0,label
1754,0,label
1755,0,label
1756,0,label
1757,0,label
1758,0,label
1759,0,label
1760,0,label
1761,0,label
1762,0,label
1763,0,label
1764,0,label
1765,0,label
1766,0,label
1767,0,label
1768,0,label
1769,0,label
1770,0,label
1771,0,label
1772,0,label
1773,0,label
1774,0,label
1775,0,label
1776,0,label
1777,0,label
1778,0,label
1779,0,label
1780,0,label
1781,0,label
1782,0,label
1783,0,label
1784,0,label
1785,0,label
1786,0,label
1787,0,label
1788,0,label
1789,0,label
1790,0,label
1791,0,label
1792,0,label
1793,0,label
1794,0,label
1795,0,label
1796,0,label
1797,0,label
1798,0,label
1799,0,label
1800,0,label
1801,0,label
1802,0,label
1803,0,label
1804,0,label
1805,0,label
1806,0,label
1807,0,label
1808,0,label
1809,0,label
1810,0,label
1811,0,label
1812,0,label
1813,0,label
1814,0,label
1815,0,label
1816,0,label
1817,0,label
1818,0,label
1819,0,label
1820,0,label
1821,0,label
1822,0,label
1823,0,label
1824,0,label
1825,0,label
1826,0,label
1827,0,label
1828,0,label
1829,0,label
1830,0,label
1831,0,label
1832,0,label
1833,0,label
1834,0,label
1835,0,label
1836,0,label
1837,0,label
1838,0,label
1839,0,label
1840,0,label
1841,0,label
1842,0,label
1843,0,label
1844,0,label
1845,0,label
1846,0,label
1847,0,label
1848,0,label
1849,0,label
1850,0,label
1851,0,label
1852,0,label
1853,0,label
1854,0,label
1855,0,label
1856,0,label
1857,0,label
1858,0,label
1859,0,label
1860,0,label
1861,0,label
1862,0,label
1863,0,label
1864,0,label
1865,0,label
1866,0,label
1867,0,label
1868,0,label
1869,0,label
1870,0,label
1871,0,label
1872,0,label
1873,0,label
1874,0,label
1875,0,label
1876,0,label
1877,0,label
1878,0,label
1879,0,label
1880,0,label
1881,0,label
1882,0,label
1883,0,label
1884,0,label
1885,0,label
1886,0,label
1887,0,label
1888,0,label
1889,0,label
1890,0,label
1891,0,label
1892,0,label
1893,0,label
1894,0,label
1895,0,label
1896,0,label
1897,0,label
1898,0,label
1899,0,label
1900,0,label
1901,0,label
1902,0,label
1903,0,label
1904,0,label
1905,0,label
1906,0,label
1907,0,label
1908,0,label
1909,0,label
1910,0,label
1911,0,label
1912,0,label
1913,0,label
1914,0,label
1915,0,label
1916,0,label
1917,0,label
1918,0,label
1919,0,label
1920,0,label
1921,0,label
1922,0,label
1923,0,label
1924,0,label
1925,0,label
1926,0,label
1927,0,label
1928,0,label
1929,0,label
1930,0,label
1931,0,label
1932,0,label
1933,0,label
1934,0,label
1935,0,label
1936,0,label
1937,0,label
1938,0,label
1939,0,label
1940,0,label
1941,0,label
1942,0,label
1943,0,label
1944,0,label
1945,0,label
1946,0,label
1947,0,label
1948,0,label
1949,0,label
1950,0,label
1951,0,label
1952,0,label
1953,0,label
1954,0,label
1955,0,label
1956,0,label
1957,0,label
1958,0,label
1959,0,label
1960,0,label
1961,0,label
1962,0,label
1963,0,label
1964,0,label
1965,0,label
1966,0,label
1967,0,label
1968,0,label
1969,0,label
1970,0,label
1971,0,label
1972,0,label
1973,0,label
1974,0,label
1975,0,label
1976,0,label
1977,0,label
1978,0,label
1979,0,label
1980,0,label
1981,0,label
1982,0,label
1983,0,label
1984,0,label
1985,0,label
1986,0,label
1987,0,label
1988,0,label
1989,0,label
1990,0,label
1991,0,label
1992,0,label
1993,0,label
1994,0,label
1995,0,label
1996,0,label
1997,0,label
1998,0,label
1999,0,label
2000,0,label
2001,0,label
2002,0,label
2003,0,label
2004,0,label
2005,0,label
2006,0,label
2007,0,label
2008,0,label
2009,0,label
2010,0,label
2011,0,label
2012,0,label
2013,0,label
2014,0,label
2015,0,label
2016,0,label
2017,0,label
2018,0,label
2019,0,label
2020,0,label
2021,0,label
2022,0,label
2023,0,label
2024,0,label
2025,0,label
2026,0,label
2027,0,label
2028,0,label
2029,0,label
2030,0,label
2031,0,label
2032,0,label
2033,0,label
2034,0,label
2035,0,label
2036,0,label
2037,0,label
2038,0,label
2039,0,label
2040,0,label
2041,0,label
2042,0,label
2043,0,label
2044,0,label
2045,0,label
2046,0,label
2047,0,label
2048,0,label
2049,0,label
2050,0,label
2051,0,label
2052,0,label
2053,0,label
2054,0,label
2055,0,label
2056,0,label
2057,0,label
2058,0,label
2059,0,label
2060,0,label
2061,0,label
2062,0,label
2063,0,label
2064,0,label
2065,0,label
2066,0,label
2067,0,label
2068,0,label
2069,0,label
2070,0,label
2071,0,label
2072,0,label
2073,0,label
2074,0,label
2075,0,label
2076,0,label
2077,0,label
2078,0,label
2079,0,label
2080,0,label
2081,0,label
2082,0,label
2083,0,label
2084,0,label
2085,0,label
2086,0,label
2087,0,label
2088,0,label
2089,0,label
2090,0,label
2091,0,label
2092,0,label
2093,0,label
2094,0,label
2095,0,label
2096,0,label
2097,0,label
2098,0,label
2099,0,label
2100,0,label
2101,0,label
2102,0,label
2103,0,label
2104,0,label
2105,0,label
2106,0,label
2107,0,label
2108,0,label
2109,0,label
2110,0,label
2111,0,label
2112,0,label
2113,0,label
2114,0,label
2115,0,label
2116,0,label
2117,0,label
2118,0,label
2119,0,label
2120,0,label
2121,0,label
2122,0,label
2123,0,label
2124,0,label
2125,0,label
2126,0,label
2127,0,label
2128,0,label
2129,0,label
2130,0,label
2131,0,label
2132,0,label
2133,0,label
2134,0,label
2135,0,label
2136,0,label
2137,0,label
2138,0,label
2139,0,label
2140,0,label
2141,0,label
2142,0,label
2143,0,label
2144,0,label
2145,0,label
2146,0,label
2147,0,label
2148,0,label
2149,0,label
2150,0,label
2151,0,label
2152,0,label
2153,0,label
2154,0,label
2155,0,label
2156,0,label
2157,0,label
2158,0,label
2159,0,label
2160,0,label
2161,0,label
2162,0,label
2163,0,label
2164,0,label
2165,0,label
2166,0,label
2167,0,label
2168,0,label
2169,0,label
2170,0,label
2171,0,label
2172,0,label
2173,0,label
2174,0,label
2175,0,label
2176,0,label
2177,0,label
2178,0,label
2179,0,label
2180,0,label
2181,0,label
2182,0,label
2183,0,label
2184,0,label
2185,0,label
2186,0,label
2187,0,label
2188,0,label
2189,0,label
2190,0,label
2191,0,label
2192,0,label
2193,1,label
2194,0,label
2195,0,label
2196,0,label
2197,0,label
2198,0,label
2199,1,label
2200,0,label
2201,0,label
2202,0,label
2203,1,label
2204,1,label
2205,0,label
2206,0,label
2207,0,label
2208,0,label
2209,0,label
2210,0,label
2211,0,label
2212,0,label
2213,0,label
2214,0,label
2215,0,label
2216,1,label
2217,0,label
2218,0,label
2219,0,label
2220,0,label
2221,0,label
2222,0,label
2223,0,label
2224,0,label
2225,0,label
2226,0,label
2227,0,label
2228,0,label
2229,0,label
2230,0,label
2231,0,label
2232,0,label
2233,0,label
2234,0,label
2235,0,label
2236,0,label
2237,0,label
2238,1,label
2239,0,label
2240,0,label
2241,0,label
2242,0,label
2243,0,label
2244,0,label
2245,0,label
2246,0,label
2247,0,label
2248,0,label
2249,0,label
2250,0,label
2251,0,label
2252,0,label
2253,0,label
2254,0,label
2255,0,label
2256,0,label
2257,0,label
2258,0,label
2259,0,label
2260,0,label
2261,0,label
2262,0,label
2263,0,label
2264,0,label
2265,1,label
2266,0,label
2267,0,label
2268,0,label
2269,0,label
2270,0,label
2271,0,label
2272,0,label
2273,0,label
2274,0,label
2275,1,label
2276,1,label
2277,1,label
2278,1,label
2279,0,label
2280,0,label
2281,0,label
2282,0,label
2283,0,label
2284,0,label
2285,0,label
2286,0,label
2287,0,label
2288,0,label
2289,0,label
2290,0,label
2291,0,label
2292,0,label
2293,0,label
2294,0,label
2295,0,label
2296,0,label
2297,0,label
2298,0,label
2299,1,label
2300,0,label
2301,0,label
2302,0,label
2303,0,label
2304,0,label
2305,0,label
2306,0,label
2307,0,label
2308,0,label
2309,0,label
2310,0,label
2311,1,label
2312,0,label
2313,1,label
2314,0,label
2315,0,label
2316,0,label
2317,0,label
2318,0,label
2319,1,label
2320,0,label
2321,0,label
2322,0,label
2323,0,label
2324,0,label
2325,0,label
2326,0,label
2327,1,label
2328,0,label
2329,0,label
2330,0,label
2331,0,label
2332,0,label
2333,0,label
2334,0,label
2335,0,label
2336,0,label
2337,0,label
2338,0,label
2339,0,label
2340,0,label
2341,1,label
2342,0,label
2343,1,label
2344,0,label
2345,0,label
2346,0,label
2347,0,label
2348,0,label
2349,0,label
2350,0,label
2351,1,label
2352,0,label
2353,0,label
2354,0,label
2355,0,label
2356,0,label
2357,0,label
2358,1,label
2359,0,label
2360,0,label
2361,0,label
2362,1,label
2363,0,label
2364,0,label
2365,0,label
2366,0,label
2367,0,label
2368,0,label
2369,0,label
2370,0,label
2371,1,label
2372,1,label
2373,0,label
2374,0,label
2375,0,label
2376,0,label
2377,0,label
2378,0,label
2379,0,label
2380,1,label
2381,0,label
2382,0,label
2383,0,label
2384,0,label
2385,0,label
2386,0,label
2387,0,label
2388,1,label
2389,0,label
2390,0,label
2391,0,label
2392,0,label
2393,0,label
2394,0,label
2395,0,label
2396,0,label
2397,0,label
2398,0,label
2399,0,label
2400,0,label
2401,0,label
2402,0,label
2403,0,label
2404,0,label
2405,0,label
2406,0,label
2407,1,label
2408,0,label
2409,0,label
2410,0,label
2411,0,label
2412,0,label
2413,0,label
2414,0,label
2415,0,label
2416,0,label
2417,0,label
2418,1,label
2419,0,label
2420,0,label
2421,0,label
2422,0,label
2423,0,label
2424,0,label
2425,0,label
2426,0,label
2427,0,label
2428,0,label
2429,0,label
2430,0,label
2431,0,label
2432,0,label
2433,0,label
2434,0,label
2435,0,label
2436,0,label
2437,0,label
2438,0,label
2439,0,label
2440,0,label
2441,1,label
2442,0,label
2443,0,label
2444,0,label
2445,0,label
2446,0,label
2447,1,label
2448,0,label
2449,0,label
2450,0,label
2451,0,label
2452,0,label
2453,0,label
2454,0,label
2455,0,label
2456,0,label
2457,0,label
2458,0,label
2459,0,label
2460,0,label
2461,0,label
2462,0,label
2463,0,label
2464,0,label
2465,0,label
2466,1,label
2467,0,label
2468,1,label
2469,0,label
2470,1,label
2471,0,label
2472,0,label
2473,0,label
2474,0,label
2475,0,label
2476,0,label
2477,0,label
2478,0,label
2479,0,label
2480,0,label
2481,0,label
2482,0,label
2483,0,label
2484,0,label
2485,0,label
2486,0,label
2487,0,label
2488,0,label
2489,0,label
2490,1,label
2491,0,label
2492,0,label
2493,0,label
2494,0,label
2495,1,label
2496,0,label
2497,0,label
2498,0,label
2499,0,label
2500,0,label
2501,0,label
2502,0,label
2503,0,label
2504,0,label
2505,0,label
2506,0,label
2507,0,label
2508,0,label
2509,0,label
2510,0,label
2511,0,label
2512,0,label
2513,1,label
2514,0,label
2515,0,label
2516,0,label
2517,0,label
2518,0,label
2519,0,label
2520,1,label
2521,1,label
2522,0,label
2523,0,label
2524,0,label
2525,0,label
2526,0,label
2527,1,label
2528,0,label
2529,0,label
2530,0,label
2531,0,label
2532,0,label
2533,0,label
2534,0,label
2535,0,label
2536,0,label
2537,0,label
2538,0,label
2539,0,label
2540,0,label
2541,0,label
2542,0,label
2543,0,label
2544,0,label
2545,1,label
2546,0,label
2547,0,label
2548,0,label
2549,1,label
2550,0,label
2551,0,label
2552,1,label
2553,0,label
2554,0,label
2555,0,label
2556,0,label
2557,0,label
2558,0,label
2559,0,label
2560,0,label
2561,0,label
2562,0,label
2563,0,label
2564,0,label
2565,0,label
2566,0,label
2567,0,label
2568,0,label
2569,0,label
2570,0,label
2571,1,label
2572,0,label
2573,0,label
2574,0,label
2575,0,label
2576,0,label
2577,0,label
2578,0,label
2579,0,label
2580,0,label
2581,0,label
2582,0,label
2583,0,label
2584,0,label
2585,0,label
2586,0,label
2587,0,label
2588,0,label
2589,0,label
2590,1,label
2591,1,label
2592,0,label
2593,0,label
2594,0,label
2595,0,label
2596,1,label
2597,0,label
2598,0,label
2599,0,label
2600,0,label
2601,0,label
2602,0,label
2603,0,label
2604,0,label
2605,0,label
2606,0,label
2607,0,label
2608,0,label
2609,0,label
2610,0,label
2611,0,label
2612,0,label
2613,1,label
2614,0,label
2615,0,label
2616,0,label
2617,0,label
2618,0,label
2619,0,label
2620,0,label
2621,0,label
2622,0,label
2623,0,label
2624,0,label
2625,0,label
2626,0,label
2627,0,label
2628,0,label
2629,0,label
2630,0,label
2631,0,label
2632,0,label
2633,0,label
2634,0,label
2635,0,label
2636,0,label
2637,0,label
2638,0,label
2639,0,label
2640,0,label
2641,0,label
2642,0,label
2643,0,label
2644,0,label
2645,0,label
2646,0,label
2647,0,label
2648,1,label
2649,0,label
2650,0,label
2651,1,label
2652,0,label
2653,0,label
2654,0,label
2655,0,label
2656,0,label
2657,0,label
2658,0,label
2659,1,label
2660,0,label
2661,0,label
2662,0,label
2663,0,label
2664,0,label
2665,0,label
2666,0,label
2667,0,label
2668,0,label
2669,1,label
2670,0,label
2671,0,label
2672,0,label
2673,0,label
2674,0,label
2675,0,label
2676,0,label
2677,1,label
2678,0,label
2679,0,label
2680,0,label
2681,1,label
2682,0,label
2683,1,label
2684,1,label
2685,0,label
2686,0,label
2687,0,label
2688,0,label
2689,0,label
2690,1,label
2691,0,label
2692,0,label
2693,1,label
2694,0,label
2695,0,label
2696,0,label
2697,0,label
2698,0,label
2699,0,label
2700,0,label
2701,0,label
2702,0,label
2703,0,label
2704,0,label
2705,0,label
2706,0,label
2707,0,label
2708,0,label
2709,0,label
2710,0,label
2711,0,label
2712,0,label
2713,1,label
2714,0,label
2715,0,label
2716,1,label
2717,0,label
2718,0,label
2719,0,label
2720,0,label
2721,0,label
2722,1,label
2723,1,label
2724,0,label
2725,0,label
2726,0,label
2727,1,label
2728,0,label
2729,0,label
2730,0,label
2731,0,label
2732,0,label
